excluded	setting	method	param	lambda	seg	depmap_PCC	depmap_SCC	depmap_bin_PCC	depmap_bin_SCC	depmap_calls	depmap_ref	depmap_hits	depmap_P	depmap_R	depmap_size	hint_supported	hint_supported_frac	hint_large_supported	hint_large_frac	absent_chromosomes
True	complete	none	0	0.5	output/caki2/excl/complete/none_0/bicseq_lambda0.5.seg	0.842	0.903	0.677	0.809	33	193	18	0.545	0.093	0/90 1/14 2/25 4/20 3/18 5/23 3/3	18/33	0.545	17/29	0.586	none
True	complete	none	0	1.0	output/caki2/excl/complete/none_0/bicseq_lambda1.seg	0.839	0.884	0.677	0.809	26	193	12	0.462	0.062	0/90 0/14 0/25 3/20 2/18 4/23 3/3	12/26	0.462	12/25	0.48	none
True	complete	none	0	1.5	output/caki2/excl/complete/none_0/bicseq_lambda1.5.seg	0.825	0.865	0.677	0.809	24	193	10	0.417	0.052	0/90 0/14 0/25 2/20 2/18 3/23 3/3	10/24	0.417	10/23	0.435	none
True	complete	none	0	2.0	output/caki2/excl/complete/none_0/bicseq_lambda2.seg	0.813	0.825	0.677	0.809	21	193	9	0.429	0.047	0/90 0/14 0/25 2/20 2/18 2/23 3/3	9/21	0.429	9/20	0.45	none
True	complete	none	0	2.5	output/caki2/excl/complete/none_0/bicseq_lambda2.5.seg	0.797	0.817	0.677	0.809	19	193	8	0.421	0.041	0/90 0/14 0/25 2/20 1/18 2/23 3/3	8/19	0.421	8/18	0.444	none
True	complete	none	0	3.0	output/caki2/excl/complete/none_0/bicseq_lambda3.seg	0.791	0.806	0.677	0.809	18	193	7	0.389	0.036	0/90 0/14 0/25 2/20 0/18 2/23 3/3	7/18	0.389	7/17	0.412	none
True	complete	none	0	4.0	output/caki2/excl/complete/none_0/bicseq_lambda4.seg	0.772	0.796	0.677	0.809	15	193	5	0.333	0.026	0/90 0/14 0/25 1/20 0/18 1/23 3/3	5/15	0.333	5/15	0.333	none
True	complete	none	0	5.0	output/caki2/excl/complete/none_0/bicseq_lambda5.seg	0.768	0.787	0.677	0.809	15	193	5	0.333	0.026	0/90 0/14 0/25 1/20 0/18 1/23 3/3	5/15	0.333	5/15	0.333	none
True	complete	mean	3	0.5	output/caki2/excl/complete/mean_3/bicseq_lambda0.5.seg	0.848	0.883	0.765	0.843	41	193	17	0.415	0.088	0/90 1/14 2/25 4/20 3/18 4/23 3/3	17/41	0.415	16/36	0.444	chr20
True	complete	mean	3	1.0	output/caki2/excl/complete/mean_3/bicseq_lambda1.seg	0.847	0.879	0.765	0.843	32	193	11	0.344	0.057	0/90 0/14 0/25 3/20 2/18 3/23 3/3	11/32	0.344	11/30	0.367	chr20
True	complete	mean	3	2.0	output/caki2/excl/complete/mean_3/bicseq_lambda2.seg	0.812	0.815	0.765	0.843	25	193	8	0.32	0.041	0/90 0/14 0/25 2/20 2/18 1/23 3/3	8/25	0.32	8/23	0.348	chr20
True	complete	mean	3	3.0	output/caki2/excl/complete/mean_3/bicseq_lambda3.seg	0.796	0.805	0.765	0.843	20	193	7	0.35	0.036	0/90 0/14 0/25 2/20 1/18 1/23 3/3	7/20	0.35	7/18	0.389	chr20
True	complete	mean	5	0.5	output/caki2/excl/complete/mean_5/bicseq_lambda0.5.seg	0.747	0.73	0.678	0.853	18	193	5	0.278	0.026	0/90 0/14 0/25 1/20 0/18 1/23 3/3	5/18	0.278	5/17	0.294	chr20
True	complete	mean	5	1.0	output/caki2/excl/complete/mean_5/bicseq_lambda1.seg	0.698	0.671	0.678	0.853	12	193	4	0.333	0.021	0/90 0/14 0/25 0/20 0/18 1/23 3/3	4/12	0.333	4/12	0.333	chr20
True	complete	mean	5	2.0	output/caki2/excl/complete/mean_5/bicseq_lambda2.seg	0.672	0.635	0.678	0.853	11	193	3	0.273	0.016	0/90 0/14 0/25 0/20 0/18 0/23 3/3	3/11	0.273	3/11	0.273	chr20
True	complete	mean	5	3.0	output/caki2/excl/complete/mean_5/bicseq_lambda3.seg	0.623	0.563	0.678	0.853	9	193	3	0.333	0.016	0/90 0/14 0/25 0/20 0/18 0/23 3/3	3/9	0.333	3/9	0.333	chr20
True	complete	mean	7	0.5	output/caki2/excl/complete/mean_7/bicseq_lambda0.5.seg	0.76	0.738	0.704	0.859	21	193	6	0.286	0.031	0/90 0/14 0/25 1/20 0/18 2/23 3/3	6/21	0.286	6/21	0.286	chr20
True	complete	mean	7	1.0	output/caki2/excl/complete/mean_7/bicseq_lambda1.seg	0.688	0.664	0.704	0.859	14	193	5	0.357	0.026	0/90 0/14 0/25 0/20 0/18 2/23 3/3	5/14	0.357	5/14	0.357	chr20
True	complete	mean	7	2.0	output/caki2/excl/complete/mean_7/bicseq_lambda2.seg	0.671	0.635	0.704	0.859	12	193	4	0.333	0.021	0/90 0/14 0/25 0/20 0/18 1/23 3/3	4/12	0.333	4/12	0.333	chr20
True	complete	mean	7	3.0	output/caki2/excl/complete/mean_7/bicseq_lambda3.seg	0.623	0.562	0.704	0.859	10	193	4	0.4	0.021	0/90 0/14 0/25 0/20 0/18 1/23 3/3	4/10	0.4	4/10	0.4	chr20
True	complete	mean	9	0.5	output/caki2/excl/complete/mean_9/bicseq_lambda0.5.seg	0.852	0.866	0.8	0.842	53	193	18	0.34	0.093	0/90 1/14 2/25 4/20 3/18 5/23 3/3	18/53	0.34	17/45	0.378	chr20
True	complete	mean	9	1.0	output/caki2/excl/complete/mean_9/bicseq_lambda1.seg	0.853	0.868	0.8	0.842	42	193	17	0.405	0.088	0/90 0/14 2/25 3/20 4/18 5/23 3/3	17/42	0.405	17/41	0.415	chr20
True	complete	mean	9	2.0	output/caki2/excl/complete/mean_9/bicseq_lambda2.seg	0.834	0.844	0.8	0.842	35	193	11	0.314	0.057	0/90 0/14 0/25 2/20 3/18 3/23 3/3	11/35	0.314	11/34	0.324	chr20
True	complete	mean	9	3.0	output/caki2/excl/complete/mean_9/bicseq_lambda3.seg	0.808	0.814	0.8	0.842	26	193	9	0.346	0.047	0/90 0/14 0/25 2/20 1/18 3/23 3/3	9/26	0.346	9/25	0.36	chr20
True	complete	mean	11	0.5	output/caki2/excl/complete/mean_11/bicseq_lambda0.5.seg	0.853	0.869	0.794	0.844	52	193	17	0.327	0.088	0/90 1/14 2/25 4/20 2/18 5/23 3/3	17/52	0.327	16/46	0.348	chr20
True	complete	mean	11	1.0	output/caki2/excl/complete/mean_11/bicseq_lambda1.seg	0.853	0.868	0.794	0.844	40	193	14	0.35	0.073	0/90 0/14 0/25 3/20 3/18 5/23 3/3	14/40	0.35	14/39	0.359	chr20
True	complete	mean	11	2.0	output/caki2/excl/complete/mean_11/bicseq_lambda2.seg	0.832	0.841	0.794	0.844	36	193	11	0.306	0.057	0/90 0/14 0/25 2/20 2/18 4/23 3/3	11/36	0.306	11/35	0.314	chr20
True	complete	mean	11	3.0	output/caki2/excl/complete/mean_11/bicseq_lambda3.seg	0.814	0.818	0.794	0.844	29	193	9	0.31	0.047	0/90 0/14 0/25 2/20 1/18 3/23 3/3	9/29	0.31	9/28	0.321	chr20
True	complete	mean	21	0.5	output/caki2/excl/complete/mean_21/bicseq_lambda0.5.seg	0.844	0.858	0.801	0.851	60	193	19	0.317	0.098	0/90 1/14 2/25 4/20 5/18 4/23 3/3	19/60	0.317	18/55	0.327	chr20
True	complete	mean	21	1.0	output/caki2/excl/complete/mean_21/bicseq_lambda1.seg	0.85	0.864	0.801	0.851	47	193	17	0.362	0.088	0/90 0/14 2/25 4/20 4/18 4/23 3/3	17/47	0.362	17/46	0.37	chr20
True	complete	mean	21	2.0	output/caki2/excl/complete/mean_21/bicseq_lambda2.seg	0.841	0.847	0.801	0.851	40	193	14	0.35	0.073	0/90 0/14 0/25 4/20 4/18 3/23 3/3	14/40	0.35	14/39	0.359	chr20
True	complete	mean	21	3.0	output/caki2/excl/complete/mean_21/bicseq_lambda3.seg	0.826	0.828	0.801	0.851	32	193	11	0.344	0.057	0/90 0/14 0/25 3/20 2/18 3/23 3/3	11/32	0.344	11/31	0.355	chr20
True	complete	mean	41	0.5	output/caki2/excl/complete/mean_41/bicseq_lambda0.5.seg	0.815	0.842	0.697	0.852	67	193	20	0.299	0.104	0/90 1/14 2/25 4/20 4/18 6/23 3/3	21/67	0.313	20/63	0.317	chr20
True	complete	mean	41	1.0	output/caki2/excl/complete/mean_41/bicseq_lambda1.seg	0.821	0.844	0.697	0.852	51	193	16	0.314	0.083	0/90 0/14 0/25 4/20 4/18 5/23 3/3	16/51	0.314	16/50	0.32	chr20
True	complete	mean	41	2.0	output/caki2/excl/complete/mean_41/bicseq_lambda2.seg	0.821	0.845	0.697	0.852	44	193	13	0.295	0.067	0/90 0/14 0/25 3/20 3/18 4/23 3/3	13/44	0.295	13/43	0.302	chr20
True	complete	mean	41	3.0	output/caki2/excl/complete/mean_41/bicseq_lambda3.seg	0.811	0.817	0.697	0.852	35	193	12	0.343	0.062	0/90 0/14 0/25 3/20 2/18 4/23 3/3	12/35	0.343	12/34	0.353	chr20
True	complete	gaussian	3	3.0	output/caki2/excl/complete/gaussian_3/bicseq_lambda3.seg	0.796	0.804	0.789	0.848	22	193	7	0.318	0.036	0/90 0/14 0/25 2/20 1/18 1/23 3/3	7/22	0.318	7/21	0.333	chr20
True	complete	gaussian	5	3.0	output/caki2/excl/complete/gaussian_5/bicseq_lambda3.seg	0.793	0.808	0.749	0.854	24	193	8	0.333	0.041	0/90 0/14 0/25 2/20 1/18 2/23 3/3	8/24	0.333	8/23	0.348	chr20
True	complete	gaussian	7	3.0	output/caki2/excl/complete/gaussian_7/bicseq_lambda3.seg	0.797	0.811	0.789	0.837	25	193	8	0.32	0.041	0/90 0/14 0/25 2/20 1/18 2/23 3/3	8/25	0.32	8/24	0.333	chr20
True	complete	gaussian	9	3.0	output/caki2/excl/complete/gaussian_9/bicseq_lambda3.seg	0.8	0.811	0.775	0.841	26	193	9	0.346	0.047	0/90 0/14 0/25 2/20 1/18 3/23 3/3	9/26	0.346	9/25	0.36	chr20
True	complete	gaussian	11	3.0	output/caki2/excl/complete/gaussian_11/bicseq_lambda3.seg	0.806	0.812	0.781	0.844	29	193	9	0.31	0.047	0/90 0/14 0/25 2/20 1/18 3/23 3/3	9/29	0.31	9/28	0.321	chr20
True	complete	gaussian	21	3.0	output/caki2/excl/complete/gaussian_21/bicseq_lambda3.seg	0.816	0.832	0.778	0.85	32	193	10	0.312	0.052	0/90 0/14 0/25 2/20 1/18 4/23 3/3	10/32	0.312	10/31	0.323	chr20
True	complete	gaussian	41	3.0	output/caki2/excl/complete/gaussian_41/bicseq_lambda3.seg	0.801	0.823	0.759	0.853	37	193	12	0.324	0.062	0/90 0/14 0/25 3/20 2/18 4/23 3/3	12/37	0.324	12/36	0.333	chr20
True	complete	median	3	3.0	output/caki2/excl/complete/median_3/bicseq_lambda3.seg	0.79	0.807	0.736	0.831	19	193	7	0.368	0.036	0/90 0/14 0/25 2/20 1/18 1/23 3/3	7/19	0.368	7/17	0.412	chr20
True	complete	median	5	3.0	output/caki2/excl/complete/median_5/bicseq_lambda3.seg	0.783	0.813	0.717	0.844	24	193	8	0.333	0.041	0/90 0/14 0/25 2/20 1/18 2/23 3/3	8/24	0.333	8/22	0.364	chr20
True	complete	median	7	3.0	output/caki2/excl/complete/median_7/bicseq_lambda3.seg	0.794	0.798	0.753	0.836	24	193	8	0.333	0.041	0/90 0/14 0/25 2/20 1/18 2/23 3/3	8/24	0.333	8/22	0.364	chr20,chr22
True	complete	median	9	3.0	output/caki2/excl/complete/median_9/bicseq_lambda3.seg	0.803	0.799	0.767	0.84	25	193	9	0.36	0.047	0/90 0/14 0/25 2/20 1/18 3/23 3/3	9/25	0.36	9/24	0.375	chr20,chr22
True	complete	median	11	3.0	output/caki2/excl/complete/median_11/bicseq_lambda3.seg	0.781	0.766	0.758	0.841	23	193	8	0.348	0.041	0/90 0/14 0/25 2/20 1/18 2/23 3/3	8/23	0.348	8/22	0.364	chr20,chr22
True	complete	median	21	3.0	output/caki2/excl/complete/median_21/bicseq_lambda3.seg	0.611	0.525	0.727	0.848	10	193	3	0.3	0.016	0/90 0/14 0/25 0/20 0/18 0/23 3/3	3/10	0.3	3/10	0.3	chr20,chr21,chr22
True	complete	median	41	3.0	output/caki2/excl/complete/median_41/bicseq_lambda3.seg	0.801	0.796	0.76	0.836	33	193	12	0.364	0.062	0/90 0/14 0/25 3/20 3/18 3/23 3/3	12/33	0.364	12/33	0.364	chr20,chr21,chr22
True	complete	savgol	5	3.0	output/caki2/excl/complete/savgol_5/bicseq_lambda3.seg	0.778	0.802	0.779	0.832	18	193	7	0.389	0.036	0/90 0/14 0/25 2/20 1/18 1/23 3/3	7/18	0.389	7/16	0.438	none
True	complete	savgol	7	3.0	output/caki2/excl/complete/savgol_7/bicseq_lambda3.seg	0.774	0.801	0.764	0.839	19	193	7	0.368	0.036	0/90 0/14 0/25 2/20 1/18 1/23 3/3	7/19	0.368	7/19	0.368	chr20
True	complete	savgol	9	3.0	output/caki2/excl/complete/savgol_9/bicseq_lambda3.seg	0.783	0.801	0.772	0.845	22	193	7	0.318	0.036	0/90 0/14 0/25 2/20 1/18 1/23 3/3	7/22	0.318	7/21	0.333	chr20
True	complete	savgol	11	3.0	output/caki2/excl/complete/savgol_11/bicseq_lambda3.seg	0.784	0.811	0.775	0.847	24	193	8	0.333	0.041	0/90 0/14 0/25 2/20 1/18 2/23 3/3	8/24	0.333	8/23	0.348	chr20
True	complete	savgol	21	3.0	output/caki2/excl/complete/savgol_21/bicseq_lambda3.seg	0.781	0.808	0.765	0.856	26	193	9	0.346	0.047	0/90 0/14 0/25 2/20 1/18 3/23 3/3	9/26	0.346	9/26	0.346	chr20
True	complete	savgol	41	3.0	output/caki2/excl/complete/savgol_41/bicseq_lambda3.seg	0.784	0.813	0.75	0.859	29	193	10	0.345	0.052	0/90 0/14 0/25 3/20 1/18 3/23 3/3	10/29	0.345	10/29	0.345	chr20
True	complete	haar	1	3.0	output/caki2/excl/complete/haar_1/bicseq_lambda3.seg	0.784	0.81	0.75	0.836	20	193	8	0.4	0.041	0/90 0/14 0/25 2/20 1/18 2/23 3/3	8/20	0.4	8/18	0.444	none
True	complete	haar	2	3.0	output/caki2/excl/complete/haar_2/bicseq_lambda3.seg	0.718	0.707	0.699	0.849	13	193	3	0.231	0.016	0/90 0/14 0/25 0/20 0/18 0/23 3/3	3/13	0.231	3/12	0.25	chr20
True	complete	haar	3	3.0	output/caki2/excl/complete/haar_3/bicseq_lambda3.seg	0.78	0.808	0.773	0.836	21	193	8	0.381	0.041	0/90 0/14 0/25 2/20 1/18 2/23 3/3	8/21	0.381	8/20	0.4	chr20
True	complete	haar	4	3.0	output/caki2/excl/complete/haar_4/bicseq_lambda3.seg	0.785	0.817	0.793	0.841	25	193	8	0.32	0.041	0/90 0/14 0/25 2/20 1/18 2/23 3/3	8/25	0.32	8/24	0.333	chr20
True	complete	haar	5	3.0	output/caki2/excl/complete/haar_5/bicseq_lambda3.seg	0.784	0.815	0.798	0.847	26	193	8	0.308	0.041	0/90 0/14 0/25 2/20 1/18 2/23 3/3	8/26	0.308	8/25	0.32	chr20
True	complete	sym4	1	3.0	output/caki2/excl/complete/sym4_1/bicseq_lambda3.seg	0.784	0.786	0.751	0.835	16	193	6	0.375	0.031	0/90 0/14 0/25 2/20 1/18 0/23 3/3	6/16	0.375	6/15	0.4	chr20
True	complete	sym4	2	3.0	output/caki2/excl/complete/sym4_2/bicseq_lambda3.seg	0.779	0.795	0.787	0.851	17	193	6	0.353	0.031	0/90 0/14 0/25 2/20 1/18 0/23 3/3	6/17	0.353	6/16	0.375	chr20
True	complete	sym4	3	3.0	output/caki2/excl/complete/sym4_3/bicseq_lambda3.seg	0.773	0.801	0.777	0.861	22	193	8	0.364	0.041	0/90 0/14 0/25 2/20 1/18 2/23 3/3	8/22	0.364	8/21	0.381	chr20
True	complete	sym4	4	3.0	output/caki2/excl/complete/sym4_4/bicseq_lambda3.seg	0.782	0.804	0.79	0.866	23	193	8	0.348	0.041	0/90 0/14 0/25 2/20 1/18 2/23 3/3	8/23	0.348	8/22	0.364	chr20
True	complete	sym4	5	3.0	output/caki2/excl/complete/sym4_5/bicseq_lambda3.seg	0.783	0.792	0.782	0.871	22	193	9	0.409	0.047	0/90 0/14 0/25 2/20 1/18 3/23 3/3	9/22	0.409	9/21	0.429	chr20
True	intra	none	0	3.0	output/caki2/excl/intra/none_0/bicseq_lambda3.seg	0.753	0.759	0.409	0.742	21	193	8	0.381	0.041	0/90 0/14 0/25 2/20 1/18 2/23 3/3	8/21	0.381	8/20	0.4	none
True	intra	mean	3	3.0	output/caki2/excl/intra/mean_3/bicseq_lambda3.seg	0.77	0.766	0.739	0.777	23	193	9	0.391	0.047	0/90 0/14 0/25 2/20 1/18 3/23 3/3	9/23	0.391	9/21	0.429	none
True	intra	mean	5	3.0	output/caki2/excl/intra/mean_5/bicseq_lambda3.seg	0.782	0.779	0.756	0.789	25	193	9	0.36	0.047	0/90 0/14 0/25 2/20 1/18 3/23 3/3	9/25	0.36	9/23	0.391	none
True	intra	mean	7	3.0	output/caki2/excl/intra/mean_7/bicseq_lambda3.seg	0.787	0.776	0.761	0.795	27	193	9	0.333	0.047	0/90 0/14 0/25 2/20 1/18 3/23 3/3	9/27	0.333	9/26	0.346	none
True	intra	mean	9	3.0	output/caki2/excl/intra/mean_9/bicseq_lambda3.seg	0.791	0.778	0.769	0.802	27	193	9	0.333	0.047	0/90 0/14 0/25 2/20 1/18 3/23 3/3	9/27	0.333	9/26	0.346	none
True	intra	mean	11	3.0	output/caki2/excl/intra/mean_11/bicseq_lambda3.seg	0.792	0.779	0.765	0.806	28	193	9	0.321	0.047	0/90 0/14 0/25 2/20 1/18 3/23 3/3	9/28	0.321	9/26	0.346	none
True	intra	mean	21	3.0	output/caki2/excl/intra/mean_21/bicseq_lambda3.seg	0.784	0.762	0.771	0.813	31	193	9	0.29	0.047	0/90 0/14 0/25 3/20 1/18 2/23 3/3	9/31	0.29	9/30	0.3	chr20
True	intra	mean	41	3.0	output/caki2/excl/intra/mean_41/bicseq_lambda3.seg	0.788	0.783	0.754	0.816	31	193	9	0.29	0.047	0/90 0/14 0/25 3/20 1/18 2/23 3/3	9/31	0.29	9/30	0.3	chr20
