p	seed	noise_w0	noise_w3	noise_w5	noise_w9	rowsum_median	best_u_SCC	best_u_lam	best_s_SCC	best_s_set	best_w3_SCC	best_w5_SCC	best_w9_SCC	binSCC_w0	l3_SCC_w0	l3_calls_w0	l3_hits_w0	l3_P_w0	l3_L20_w0	binSCC_w3	l3_SCC_w3	l3_calls_w3	l3_hits_w3	l3_P_w3	l3_L20_w3	binSCC_w5	l3_SCC_w5	l3_calls_w5	l3_hits_w5	l3_P_w5	l3_L20_w5	binSCC_w9	l3_SCC_w9	l3_calls_w9	l3_hits_w9	l3_P_w9	l3_L20_w9
1.0	0	0.0820837610389503	0.0347421552447574	0.0236735257609787	0.0153637646508945	25935.0	0.868	1.5	0.871	w3 l1.5	0.871	0.861	0.858	0.827	0.804	22	19	0.864	14	0.843	0.824	25	21	0.84	16	0.843	0.797	27	21	0.778	15	0.845	0.854	29	23	0.793	19
0.5	1	0.0822737762576275	0.0347445466217912	0.0236953521970503	0.0154216833469269	12973.0	0.868	1.5	0.871	w3 l1.5	0.871	0.861	0.859	0.827	0.804	22	19	0.864	14	0.843	0.824	25	21	0.84	16	0.843	0.797	27	21	0.778	15	0.845	0.855	29	23	0.793	19
0.5	2	0.0824771098414575	0.0347499940886005	0.0236957019654886	0.0154077761781134	12964.0	0.87	1.5	0.872	w3 l1.5	0.872	0.861	0.859	0.827	0.807	22	19	0.864	14	0.843	0.826	25	21	0.84	16	0.843	0.797	27	21	0.778	15	0.845	0.855	29	23	0.793	19
0.2	1	0.0831262559420485	0.0349600437000242	0.023806300554781	0.0155284499176763	5186.0	0.87	1.5	0.872	w3 l1.5	0.872	0.86	0.857	0.826	0.807	22	19	0.864	14	0.843	0.826	25	21	0.84	16	0.843	0.797	27	21	0.778	15	0.845	0.855	29	23	0.793	19
0.2	2	0.0833885804383386	0.0350939160681608	0.0238932289088324	0.0154932444908126	5187.0	0.868	1.5	0.872	w3 l1.5	0.872	0.86	0.854	0.827	0.807	22	19	0.864	14	0.843	0.826	25	21	0.84	16	0.843	0.797	27	21	0.778	15	0.845	0.849	29	23	0.793	19
0.1	1	0.0847893423826955	0.0355783616566941	0.0240859375800824	0.0155580672299266	2593.0	0.869	1.5	0.871	w3 l1,w3 l1.5	0.871	0.861	0.854	0.826	0.807	22	19	0.864	14	0.842	0.821	23	19	0.826	14	0.843	0.797	28	22	0.786	16	0.844	0.848	29	23	0.793	19
0.1	2	0.0846700790632747	0.0354525727125734	0.0241526977981998	0.0156161825274857	2589.0	0.868	1.5	0.871	w3 l1.5	0.871	0.86	0.86	0.826	0.807	22	19	0.864	14	0.842	0.825	25	21	0.84	16	0.843	0.796	29	23	0.793	15	0.844	0.854	30	24	0.8	19
0.05	1	0.0868595020812059	0.0364316854305986	0.0246105259671021	0.0158600393459498	1296.0	0.869	1.5	0.872	w3 l1.5	0.872	0.862	0.853	0.824	0.807	21	17	0.81	14	0.842	0.825	25	21	0.84	16	0.843	0.798	30	24	0.8	16	0.844	0.849	29	23	0.793	19
0.05	2	0.0868618320719844	0.0360880985125535	0.0244367202461214	0.0157529215236931	1295.0	0.868	1.5	0.872	w3 l1,w3 l1.5	0.872	0.861	0.854	0.824	0.807	22	19	0.864	14	0.842	0.826	25	21	0.84	16	0.842	0.796	27	21	0.778	15	0.845	0.849	30	24	0.8	19
0.02	1	0.0939555436895436	0.0387266037643581	0.0257601775520521	0.0164603839180932	518.0	0.866	1.5	0.873	w3 l1.5	0.873	0.863	0.856	0.82	0.804	21	17	0.81	14	0.84	0.821	23	19	0.826	14	0.842	0.797	27	20	0.741	16	0.844	0.851	28	22	0.786	18
0.02	2	0.0933686481243104	0.03841579552749	0.0259202981457226	0.0164078082200874	518.0	0.868	1.5	0.872	w3 l1	0.872	0.86	0.858	0.82	0.804	21	17	0.81	14	0.84	0.821	23	19	0.826	14	0.842	0.797	27	20	0.741	16	0.843	0.855	29	23	0.793	19
0.01	1	0.10316950498291	0.0413564588633326	0.0275437609173818	0.0172392151511114	259.0	0.868	1.5	0.871	w3 l1.5	0.871	0.863	0.856	0.812	0.804	21	17	0.81	14	0.838	0.822	23	19	0.826	14	0.84	0.812	26	21	0.808	16	0.843	0.856	27	22	0.815	19
0.01	2	0.1035197840000105	0.0412245817519275	0.0274880609936927	0.0171296832372248	259.0	0.867	1.5	0.875	w3 l1,w3 l1.5	0.875	0.866	0.859	0.812	0.807	21	17	0.81	14	0.838	0.826	25	21	0.84	16	0.84	0.803	27	20	0.741	16	0.843	0.854	28	22	0.786	18
0.005	1	0.1192682959232206	0.0465892221403826	0.0303353736980002	0.0188774658263767	130.0	0.862	1.5	0.87	w3 l1.5	0.87	0.858	0.854	0.799	0.803	22	19	0.864	14	0.834	0.824	25	21	0.84	16	0.838	0.8	29	23	0.793	15	0.842	0.839	28	23	0.821	17
0.005	2	0.1187423806711933	0.0462491741942723	0.0302612461208674	0.0187054599693975	129.0	0.868	1.5	0.868	w3 l1	0.868	0.861	0.858	0.798	0.806	21	17	0.81	14	0.833	0.824	23	19	0.826	14	0.836	0.812	25	19	0.76	16	0.841	0.838	25	20	0.8	17
0.002	1	0.155802045835194	0.0578774494481303	0.0366135370030369	0.0222628641805202	52.0	0.87	1.5	0.876	w3 l1.5	0.876	0.864	0.865	0.761	0.806	22	18	0.818	15	0.818	0.825	22	17	0.773	14	0.829	0.814	25	19	0.76	16	0.837	0.856	27	22	0.815	19
0.002	2	0.1563182884022363	0.0582370705268043	0.0369079954975908	0.0222851148359118	52.0	0.867	1.5	0.871	w3 l1	0.871	0.859	0.86	0.76	0.805	20	16	0.8	13	0.818	0.825	23	19	0.826	14	0.829	0.814	26	21	0.808	16	0.837	0.86	28	22	0.786	19
0.001	1	0.1993445111622696	0.0719705577153131	0.044936466730571	0.0264950453214002	26.0	0.859	1,1.5	0.863	w3 l1,w3 l1.5	0.863	0.86	0.848	0.711	0.807	22	18	0.818	15	0.795	0.819	23	19	0.826	14	0.814	0.818	24	19	0.792	16	0.829	0.809	28	23	0.821	17
0.001	2	0.2007919304377176	0.0721557537191141	0.0454257023958515	0.0263645694104082	26.0	0.874	1.5	0.878	w3 l1.5	0.878	0.874	0.862	0.708	0.807	20	16	0.8	13	0.793	0.822	22	17	0.773	14	0.812	0.828	26	22	0.846	17	0.825	0.857	28	24	0.857	19
0.0005	1	0.267319645396739	0.0942714233946783	0.0579716915242653	0.0333903326729467	13.0	0.851	1.5	0.86	w3 l1	0.86	0.857	0.847	0.63	0.802	21	18	0.857	13	0.748	0.808	21	18	0.857	13	0.781	0.808	25	20	0.8	15	0.804	0.834	26	23	0.885	18
0.0005	2	0.2659210814257349	0.0932599102907926	0.0584406393941987	0.0336649666036623	13.0	0.866	1	0.866	w3 l1	0.866	0.858	0.862	0.629	0.803	22	19	0.864	14	0.747	0.817	23	20	0.87	15	0.778	0.814	24	21	0.875	16	0.803	0.805	23	21	0.913	16
0.0002	1	0.3953357686206225	0.1361461116360723	0.0838096328592063	0.0475593596902008	5.0	0.87	1.5	0.871	w5 l1.5	0.868	0.871	0.855	0.502	0.815	20	16	0.8	13	0.66	0.817	21	17	0.81	14	0.713	0.802	23	18	0.783	15	0.761	0.808	24	19	0.792	16
0.0002	2	0.3985012162874605	0.1361412941334793	0.0843596571909358	0.0478373680500754	5.0	0.844	1	0.846	w5 l2	0.838	0.846	0.836	0.499	0.801	22	19	0.864	14	0.658	0.814	22	18	0.818	14	0.711	0.809	23	18	0.783	15	0.764	0.819	24	20	0.833	17
0.0001	1	0.5521863980135524	0.1877814759361979	0.1139473721542034	0.064191680264933	2.0	0.846	1.5	0.863	w5 l1.5	0.862	0.863	0.858	0.398	0.785	22	18	0.818	13	0.564	0.794	22	18	0.818	13	0.634	0.812	22	18	0.818	15	0.701	0.803	23	18	0.783	15
0.0001	2	0.5541352015221245	0.1882579091816706	0.11461243798727	0.0644592452602593	2.0	0.825	1.5	0.837	w9 l2	0.816	0.827	0.837	0.396	0.73	20	15	0.75	11	0.56	0.781	23	18	0.783	14	0.629	0.778	24	17	0.708	14	0.698	0.791	21	17	0.81	14
