enzyme	setting	method	param	segmenter	lambda	seg	PCC_bicseq2_l4	SCC_bicseq2_l4	PCC_bicseq2_l3	SCC_bicseq2_l3	PCC_bicseq2_l5	SCC_bicseq2_l5	SCC_freec	SCC_cnvpytor	bin_PCC	bin_SCC	iou50_calls	iou50_ref	iou50_hits_trg	iou50_hits_ref	iou50_P	iou50_R	iou50_recall_by_refsize	iou50_precision_by_callsize	iou30_calls	iou30_ref	iou30_hits_trg	iou30_hits_ref	iou30_P	iou30_R	iou30_recall_by_refsize	iou30_precision_by_callsize	iou70_calls	iou70_ref	iou70_hits_trg	iou70_hits_ref	iou70_P	iou70_R	iou70_recall_by_refsize	iou70_precision_by_callsize	recip50_calls	recip50_ref	recip50_hits_trg	recip50_hits_ref	recip50_P	recip50_R	recip50_recall_by_refsize	recip50_precision_by_callsize	bicseq2_l3_ref	bicseq2_l3_hits_trg	bicseq2_l3_hits_ref	bicseq2_l3_P	bicseq2_l3_R	bicseq2_l5_ref	bicseq2_l5_hits_trg	bicseq2_l5_hits_ref	bicseq2_l5_P	bicseq2_l5_R
MboI	complete	none	0.0	bicseq2	0.5	k562/complete/none_0/bicseq_lambda0.5.seg	0.834	0.834	0.833	0.84	0.833	0.821	0.814	0.699	0.757	0.827	87	74	43	43	0.494	0.581	10/25 2/5 4/9 3/4 2/7 14/16 8/8	10/37 2/8 4/7 3/6 3/5 14/16 7/8	87	74	48	48	0.552	0.649	12/25 2/5 5/9 3/4 3/7 15/16 8/8	11/37 3/8 5/7 3/6 3/5 15/16 8/8	87	74	39	39	0.448	0.527	10/25 1/5 4/9 3/4 2/7 13/16 6/8	10/37 1/8 4/7 3/6 3/5 12/16 6/8	87	74	43	43	0.494	0.581	10/25 2/5 4/9 3/4 2/7 14/16 8/8	10/37 2/8 4/7 3/6 3/5 14/16 7/8	81	42	42	0.483	0.519	68	42	42	0.483	0.618
MboI	complete	none	0.0	bicseq2	1.0	k562/complete/none_0/bicseq_lambda1.seg	0.856	0.862	0.854	0.865	0.856	0.858	0.835	0.655	0.757	0.827	44	74	33	33	0.75	0.446	4/25 1/5 4/9 3/4 1/7 12/16 8/8	4/12 1/2 4/4 3/3 1/1 11/13 9/9	44	74	34	35	0.773	0.473	4/25 1/5 4/9 3/4 3/7 12/16 8/8	4/12 1/2 4/4 3/3 1/1 12/13 9/9	44	74	29	29	0.659	0.392	4/25 1/5 2/9 3/4 1/7 10/16 8/8	4/12 1/2 2/4 3/3 1/1 10/13 8/9	44	74	33	33	0.75	0.446	4/25 1/5 4/9 3/4 1/7 12/16 8/8	4/12 1/2 4/4 3/3 1/1 11/13 9/9	81	32	32	0.727	0.395	68	33	33	0.75	0.485
MboI	complete	none	0.0	bicseq2	1.5	k562/complete/none_0/bicseq_lambda1.5.seg	0.863	0.867	0.861	0.869	0.863	0.863	0.833	0.658	0.757	0.827	37	74	31	31	0.838	0.419	2/25 2/5 4/9 2/4 1/7 12/16 8/8	2/6 1/2 5/5 2/2 0/0 12/13 9/9	37	74	31	33	0.838	0.446	2/25 2/5 4/9 3/4 2/7 12/16 8/8	2/6 1/2 5/5 2/2 0/0 12/13 9/9	37	74	24	24	0.649	0.324	2/25 1/5 2/9 2/4 0/7 10/16 7/8	2/6 1/2 2/5 2/2 0/0 10/13 7/9	37	74	31	31	0.838	0.419	2/25 2/5 4/9 2/4 1/7 12/16 8/8	2/6 1/2 5/5 2/2 0/0 12/13 9/9	81	30	30	0.811	0.37	68	31	31	0.838	0.456
MboI	complete	none	0.0	bicseq2	2.0	k562/complete/none_0/bicseq_lambda2.seg	0.85	0.817	0.849	0.811	0.851	0.813	0.818	0.626	0.757	0.827	28	74	23	23	0.821	0.311	1/25 2/5 3/9 1/4 1/7 9/16 6/8	1/4 1/2 4/4 1/1 0/0 10/11 6/6	28	74	23	24	0.821	0.324	1/25 2/5 3/9 2/4 1/7 9/16 6/8	1/4 1/2 4/4 1/1 0/0 10/11 6/6	28	74	18	18	0.643	0.243	1/25 1/5 1/9 1/4 0/7 8/16 6/8	1/4 1/2 1/4 1/1 0/0 8/11 6/6	28	74	23	23	0.821	0.311	1/25 2/5 3/9 1/4 1/7 9/16 6/8	1/4 1/2 4/4 1/1 0/0 10/11 6/6	81	22	22	0.786	0.272	68	23	23	0.821	0.338
MboI	complete	none	0.0	bicseq2	2.5	k562/complete/none_0/bicseq_lambda2.5.seg	0.733	0.812	0.731	0.807	0.733	0.809	0.816	0.637	0.757	0.827	24	74	21	21	0.875	0.284	1/25 1/5 2/9 1/4 1/7 9/16 6/8	1/3 0/0 3/3 0/0 1/1 10/11 6/6	24	74	21	22	0.875	0.297	1/25 1/5 2/9 2/4 1/7 9/16 6/8	1/3 0/0 3/3 0/0 1/1 10/11 6/6	24	74	15	15	0.625	0.203	1/25 0/5 0/9 0/4 0/7 8/16 6/8	1/3 0/0 0/3 0/0 0/1 8/11 6/6	24	74	21	21	0.875	0.284	1/25 1/5 2/9 1/4 1/7 9/16 6/8	1/3 0/0 3/3 0/0 1/1 10/11 6/6	81	20	20	0.833	0.247	68	21	21	0.875	0.309
MboI	complete	none	0.0	bicseq2	3.0	k562/complete/none_0/bicseq_lambda3.seg	0.724	0.804	0.723	0.8	0.725	0.8	0.813	0.646	0.757	0.827	21	74	17	17	0.81	0.23	0/25 0/5 1/9 1/4 1/7 8/16 6/8	0/2 0/0 1/1 0/1 1/1 9/10 6/6	21	74	18	19	0.857	0.257	0/25 0/5 2/9 2/4 1/7 8/16 6/8	0/2 0/0 1/1 1/1 1/1 9/10 6/6	21	74	13	13	0.619	0.176	0/25 0/5 0/9 0/4 0/7 7/16 6/8	0/2 0/0 0/1 0/1 0/1 7/10 6/6	21	74	17	17	0.81	0.23	0/25 0/5 1/9 1/4 1/7 8/16 6/8	0/2 0/0 1/1 0/1 1/1 9/10 6/6	81	16	16	0.762	0.198	68	17	17	0.81	0.25
MboI	complete	none	0.0	bicseq2	4.0	k562/complete/none_0/bicseq_lambda4.seg	0.712	0.724	0.711	0.723	0.713	0.717	0.798	0.625	0.757	0.827	17	74	14	14	0.824	0.189	0/25 0/5 1/9 1/4 1/7 5/16 6/8	0/1 0/0 1/1 0/1 1/1 6/7 6/6	17	74	15	16	0.882	0.216	0/25 0/5 2/9 2/4 1/7 5/16 6/8	0/1 0/0 1/1 1/1 1/1 6/7 6/6	17	74	10	10	0.588	0.135	0/25 0/5 0/9 0/4 0/7 4/16 6/8	0/1 0/0 0/1 0/1 0/1 4/7 6/6	17	74	14	14	0.824	0.189	0/25 0/5 1/9 1/4 1/7 5/16 6/8	0/1 0/0 1/1 0/1 1/1 6/7 6/6	81	13	13	0.765	0.16	68	14	14	0.824	0.206
MboI	complete	none	0.0	bicseq2	5.0	k562/complete/none_0/bicseq_lambda5.seg	0.81	0.735	0.808	0.734	0.81	0.728	0.796	0.625	0.757	0.827	16	74	14	14	0.875	0.189	0/25 0/5 1/9 1/4 1/7 5/16 6/8	0/1 0/0 1/1 0/1 1/1 6/6 6/6	16	74	15	16	0.938	0.216	0/25 0/5 2/9 2/4 1/7 5/16 6/8	0/1 0/0 1/1 1/1 1/1 6/6 6/6	16	74	10	10	0.625	0.135	0/25 0/5 0/9 0/4 0/7 4/16 6/8	0/1 0/0 0/1 0/1 0/1 4/6 6/6	16	74	14	14	0.875	0.189	0/25 0/5 1/9 1/4 1/7 5/16 6/8	0/1 0/0 1/1 0/1 1/1 6/6 6/6	81	13	13	0.812	0.16	68	14	14	0.875	0.206
MboI	complete	none	0.0	cbs		k562/complete/none_0/cbs_alpha0.01.seg	0.682	0.699	0.681	0.704	0.681	0.691	0.744	0.585	0.757	0.827	1047	74	27	27	0.026	0.365	13/25 4/5 4/9 3/4 0/7 3/16 0/8	15/669 2/207 5/135 2/24 0/4 3/6 0/2	1047	74	41	40	0.039	0.541	13/25 4/5 6/9 4/4 5/7 6/16 2/8	15/669 3/207 9/135 7/24 0/4 5/6 2/2	1047	74	24	24	0.023	0.324	13/25 3/5 3/9 2/4 0/7 3/16 0/8	14/669 2/207 3/135 2/24 0/4 3/6 0/2	1047	74	28	28	0.027	0.378	13/25 4/5 4/9 3/4 0/7 3/16 1/8	15/669 2/207 5/135 2/24 0/4 3/6 1/2	81	27	27	0.026	0.333	68	25	25	0.024	0.368
MboI	complete	mean	3.0	bicseq2	1.0	k562/complete/mean_3/bicseq_lambda1.seg	0.826	0.869	0.824	0.872	0.826	0.864	0.834	0.68	0.752	0.843	49	74	35	35	0.714	0.473	3/25 2/5 4/9 3/4 2/7 13/16 8/8	3/11 2/3 4/4 4/6 2/2 12/15 8/8	49	74	39	38	0.796	0.514	4/25 2/5 4/9 3/4 4/7 13/16 8/8	4/11 2/3 4/4 5/6 2/2 14/15 8/8	49	74	27	27	0.551	0.365	2/25 2/5 2/9 3/4 1/7 10/16 7/8	2/11 2/3 2/4 3/6 2/2 9/15 7/8	49	74	35	35	0.714	0.473	3/25 2/5 4/9 3/4 2/7 13/16 8/8	3/11 2/3 4/4 4/6 2/2 12/15 8/8	81	34	34	0.694	0.42	68	35	35	0.714	0.515
MboI	complete	mean	3.0	bicseq2	2.0	k562/complete/mean_3/bicseq_lambda2.seg	0.836	0.83	0.834	0.831	0.836	0.826	0.821	0.685	0.752	0.843	36	74	30	30	0.833	0.405	2/25 2/5 4/9 2/4 1/7 12/16 7/8	2/5 1/2 5/5 2/2 0/0 13/15 7/7	36	74	31	32	0.861	0.432	2/25 2/5 4/9 3/4 2/7 12/16 7/8	2/5 1/2 5/5 2/2 0/0 14/15 7/7	36	74	24	24	0.667	0.324	2/25 1/5 2/9 2/4 0/7 10/16 7/8	2/5 1/2 2/5 2/2 0/0 10/15 7/7	36	74	30	30	0.833	0.405	2/25 2/5 4/9 2/4 1/7 12/16 7/8	2/5 1/2 5/5 2/2 0/0 13/15 7/7	81	29	29	0.806	0.358	68	30	30	0.833	0.441
MboI	complete	mean	3.0	bicseq2	3.0	k562/complete/mean_3/bicseq_lambda3.seg	0.76	0.824	0.759	0.819	0.761	0.821	0.809	0.676	0.752	0.843	25	74	21	21	0.84	0.284	0/25 1/5 2/9 1/4 1/7 10/16 6/8	0/2 0/0 3/3 0/0 1/1 11/12 6/7	25	74	23	24	0.92	0.324	0/25 1/5 2/9 2/4 2/7 11/16 6/8	0/2 0/0 3/3 0/0 1/1 12/12 7/7	25	74	14	14	0.56	0.189	0/25 0/5 0/9 0/4 0/7 8/16 6/8	0/2 0/0 0/3 0/0 0/1 8/12 6/7	25	74	21	21	0.84	0.284	0/25 1/5 2/9 1/4 1/7 10/16 6/8	0/2 0/0 3/3 0/0 1/1 11/12 6/7	81	20	20	0.8	0.247	68	21	21	0.84	0.309
MboI	complete	mean	3.0	cbs		k562/complete/mean_3/cbs_alpha0.01.seg	0.667	0.672	0.667	0.677	0.666	0.666	0.723	0.554	0.752	0.843	2589	74	17	17	0.007	0.23	11/25 2/5 4/9 0/4 0/7 0/16 0/8	12/2214 2/291 3/74 0/8 0/0 0/2 0/0	2589	74	24	25	0.009	0.338	14/25 2/5 6/9 1/4 1/7 1/16 0/8	15/2214 3/291 5/74 1/8 0/0 0/2 0/0	2589	74	10	10	0.004	0.135	7/25 0/5 3/9 0/4 0/7 0/16 0/8	7/2214 0/291 3/74 0/8 0/0 0/2 0/0	2589	74	17	17	0.007	0.23	11/25 2/5 4/9 0/4 0/7 0/16 0/8	12/2214 2/291 3/74 0/8 0/0 0/2 0/0	81	17	17	0.007	0.21	68	15	15	0.006	0.221
MboI	complete	mean	5.0	bicseq2	1.0	k562/complete/mean_5/bicseq_lambda1.seg	0.82	0.856	0.818	0.858	0.82	0.851	0.828	0.688	0.753	0.843	49	74	32	32	0.653	0.432	2/25 1/5 4/9 3/4 1/7 13/16 8/8	2/8 0/1 5/7 4/7 1/2 12/16 8/8	49	74	39	37	0.796	0.5	4/25 1/5 4/9 3/4 4/7 13/16 8/8	4/8 0/1 6/7 5/7 2/2 14/16 8/8	49	74	23	23	0.469	0.311	2/25 1/5 2/9 3/4 0/7 9/16 6/8	2/8 0/1 3/7 3/7 1/2 8/16 6/8	49	74	32	32	0.653	0.432	2/25 1/5 4/9 3/4 1/7 13/16 8/8	2/8 0/1 5/7 4/7 1/2 12/16 8/8	81	32	32	0.653	0.395	68	32	32	0.653	0.471
MboI	complete	mean	5.0	bicseq2	2.0	k562/complete/mean_5/bicseq_lambda2.seg	0.838	0.844	0.836	0.844	0.838	0.841	0.824	0.694	0.753	0.843	37	74	31	31	0.838	0.419	2/25 2/5 4/9 2/4 1/7 13/16 7/8	2/5 0/0 6/6 2/2 0/0 14/17 7/7	37	74	33	34	0.892	0.459	3/25 2/5 4/9 3/4 2/7 13/16 7/8	3/5 0/0 6/6 2/2 0/0 15/17 7/7	37	74	25	25	0.676	0.338	2/25 1/5 2/9 2/4 0/7 11/16 7/8	2/5 0/0 3/6 2/2 0/0 11/17 7/7	37	74	31	31	0.838	0.419	2/25 2/5 4/9 2/4 1/7 13/16 7/8	2/5 0/0 6/6 2/2 0/0 14/17 7/7	81	31	31	0.838	0.383	68	31	31	0.838	0.456
MboI	complete	mean	5.0	bicseq2	3.0	k562/complete/mean_5/bicseq_lambda3.seg	0.736	0.797	0.734	0.798	0.737	0.793	0.806	0.674	0.753	0.843	28	74	22	22	0.786	0.297	0/25 1/5 3/9 1/4 1/7 10/16 6/8	0/2 0/0 4/4 0/0 1/1 11/13 6/8	28	74	25	26	0.893	0.351	0/25 1/5 3/9 2/4 2/7 11/16 7/8	0/2 0/0 4/4 0/0 1/1 12/13 8/8	28	74	15	15	0.536	0.203	0/25 0/5 1/9 0/4 0/7 8/16 6/8	0/2 0/0 1/4 0/0 0/1 8/13 6/8	28	74	22	22	0.786	0.297	0/25 1/5 3/9 1/4 1/7 10/16 6/8	0/2 0/0 4/4 0/0 1/1 11/13 6/8	81	22	22	0.786	0.272	68	22	22	0.786	0.324
MboI	complete	mean	5.0	cbs		k562/complete/mean_5/cbs_alpha0.01.seg	0.689	0.672	0.689	0.678	0.688	0.666	0.719	0.562	0.753	0.843	3338	74	19	19	0.006	0.257	12/25 3/5 4/9 0/4 0/7 0/16 0/8	14/3087 2/213 3/32 0/4 0/0 0/2 0/0	3338	74	27	27	0.008	0.365	16/25 3/5 6/9 0/4 1/7 1/16 0/8	18/3087 3/213 3/32 3/4 0/0 0/2 0/0	3338	74	9	9	0.003	0.122	5/25 1/5 3/9 0/4 0/7 0/16 0/8	6/3087 1/213 2/32 0/4 0/0 0/2 0/0	3338	74	19	19	0.006	0.257	12/25 3/5 4/9 0/4 0/7 0/16 0/8	14/3087 2/213 3/32 0/4 0/0 0/2 0/0	81	20	20	0.006	0.247	68	17	17	0.005	0.25
MboI	complete	mean	7.0	bicseq2	1.0	k562/complete/mean_7/bicseq_lambda1.seg	0.807	0.846	0.805	0.848	0.807	0.844	0.829	0.688	0.738	0.845	57	74	33	33	0.579	0.446	2/25 2/5 4/9 3/4 1/7 14/16 7/8	2/8 0/1 6/7 4/9 1/6 13/19 7/7	57	74	41	40	0.719	0.541	4/25 2/5 4/9 3/4 5/7 14/16 8/8	4/8 0/1 7/7 5/9 2/6 16/19 7/7	57	74	23	23	0.404	0.311	1/25 2/5 2/9 3/4 0/7 10/16 5/8	1/8 0/1 4/7 3/9 1/6 9/19 5/7	57	74	33	33	0.579	0.446	2/25 2/5 4/9 3/4 1/7 14/16 7/8	2/8 0/1 6/7 4/9 1/6 13/19 7/7	81	33	33	0.579	0.407	68	33	33	0.579	0.485
MboI	complete	mean	7.0	bicseq2	2.0	k562/complete/mean_7/bicseq_lambda2.seg	0.831	0.845	0.83	0.844	0.832	0.842	0.827	0.704	0.738	0.845	38	74	31	31	0.816	0.419	2/25 2/5 4/9 2/4 1/7 13/16 7/8	2/5 0/0 6/6 2/2 0/0 14/18 7/7	38	74	33	35	0.868	0.473	3/25 2/5 4/9 3/4 3/7 13/16 7/8	3/5 0/0 6/6 2/2 0/0 15/18 7/7	38	74	24	24	0.632	0.324	1/25 1/5 2/9 2/4 0/7 11/16 7/8	1/5 0/0 3/6 2/2 0/0 11/18 7/7	38	74	31	31	0.816	0.419	2/25 2/5 4/9 2/4 1/7 13/16 7/8	2/5 0/0 6/6 2/2 0/0 14/18 7/7	81	30	30	0.789	0.37	68	31	31	0.816	0.456
MboI	complete	mean	7.0	bicseq2	3.0	k562/complete/mean_7/bicseq_lambda3.seg	0.727	0.821	0.726	0.821	0.728	0.819	0.812	0.691	0.738	0.845	29	74	23	23	0.793	0.311	0/25 1/5 3/9 1/4 1/7 11/16 6/8	0/2 0/0 4/4 0/0 1/1 12/14 6/8	29	74	26	28	0.897	0.378	0/25 1/5 3/9 2/4 3/7 12/16 7/8	0/2 0/0 4/4 0/0 1/1 13/14 8/8	29	74	16	16	0.552	0.216	0/25 0/5 1/9 0/4 0/7 9/16 6/8	0/2 0/0 1/4 0/0 0/1 9/14 6/8	29	74	23	23	0.793	0.311	0/25 1/5 3/9 1/4 1/7 11/16 6/8	0/2 0/0 4/4 0/0 1/1 12/14 6/8	81	22	22	0.759	0.272	68	23	23	0.793	0.338
MboI	complete	mean	7.0	cbs		k562/complete/mean_7/cbs_alpha0.01.seg	0.692	0.677	0.692	0.684	0.691	0.671	0.724	0.574	0.738	0.845	3772	74	14	14	0.004	0.189	8/25 2/5 3/9 1/4 0/7 0/16 0/8	9/3561 3/185 1/23 1/1 0/1 0/1 0/0	3772	74	27	27	0.007	0.365	16/25 5/5 5/9 1/4 0/7 0/16 0/8	21/3561 4/185 1/23 1/1 0/1 0/1 0/0	3772	74	8	8	0.002	0.108	4/25 2/5 1/9 1/4 0/7 0/16 0/8	5/3561 1/185 1/23 1/1 0/1 0/1 0/0	3772	74	14	14	0.004	0.189	8/25 2/5 3/9 1/4 0/7 0/16 0/8	9/3561 3/185 1/23 1/1 0/1 0/1 0/0	81	14	14	0.004	0.173	68	13	13	0.003	0.191
MboI	complete	mean	9.0	bicseq2	1.0	k562/complete/mean_9/bicseq_lambda1.seg	0.799	0.845	0.797	0.846	0.799	0.842	0.829	0.689	0.718	0.845	57	74	33	33	0.579	0.446	2/25 2/5 4/9 3/4 1/7 14/16 7/8	2/8 0/1 6/7 4/8 1/5 13/21 7/7	57	74	41	39	0.719	0.527	3/25 2/5 4/9 3/4 5/7 14/16 8/8	3/8 0/1 7/7 5/8 2/5 17/21 7/7	57	74	21	21	0.368	0.284	0/25 1/5 2/9 3/4 0/7 10/16 5/8	0/8 0/1 3/7 3/8 1/5 9/21 5/7	57	74	33	33	0.579	0.446	2/25 2/5 4/9 3/4 1/7 14/16 7/8	2/8 0/1 6/7 4/8 1/5 13/21 7/7	81	32	32	0.561	0.395	68	33	33	0.579	0.485
MboI	complete	mean	9.0	bicseq2	2.0	k562/complete/mean_9/bicseq_lambda2.seg	0.818	0.848	0.816	0.846	0.818	0.845	0.83	0.697	0.718	0.845	39	74	30	30	0.769	0.405	2/25 1/5 4/9 2/4 1/7 13/16 7/8	2/5 0/1 5/6 2/2 0/0 14/18 7/7	39	74	33	35	0.846	0.473	3/25 2/5 4/9 3/4 3/7 13/16 7/8	3/5 0/1 6/6 2/2 0/0 15/18 7/7	39	74	23	23	0.59	0.311	0/25 1/5 2/9 2/4 0/7 11/16 7/8	0/5 0/1 3/6 2/2 0/0 11/18 7/7	39	74	31	31	0.795	0.419	2/25 2/5 4/9 2/4 1/7 13/16 7/8	2/5 0/1 6/6 2/2 0/0 14/18 7/7	81	29	29	0.744	0.358	68	30	30	0.769	0.441
MboI	complete	mean	9.0	bicseq2	3.0	k562/complete/mean_9/bicseq_lambda3.seg	0.716	0.855	0.714	0.853	0.716	0.853	0.826	0.708	0.718	0.845	29	74	23	23	0.793	0.311	0/25 0/5 2/9 1/4 1/7 12/16 7/8	0/2 0/0 2/2 0/1 1/1 13/15 7/8	29	74	26	28	0.897	0.378	0/25 0/5 3/9 2/4 3/7 13/16 7/8	0/2 0/0 2/2 1/1 1/1 14/15 8/8	29	74	18	18	0.621	0.243	0/25 0/5 1/9 0/4 0/7 10/16 7/8	0/2 0/0 1/2 0/1 0/1 10/15 7/8	29	74	23	23	0.793	0.311	0/25 0/5 2/9 1/4 1/7 12/16 7/8	0/2 0/0 2/2 0/1 1/1 13/15 7/8	81	22	22	0.759	0.272	68	23	23	0.793	0.338
MboI	complete	mean	9.0	cbs		k562/complete/mean_9/cbs_alpha0.01.seg	0.677	0.677	0.677	0.684	0.676	0.671	0.72	0.569	0.718	0.845	4049	74	11	11	0.003	0.149	6/25 2/5 3/9 0/4 0/7 0/16 0/8	7/3855 3/175 1/17 0/0 0/1 0/1 0/0	4049	74	25	24	0.006	0.324	13/25 5/5 5/9 1/4 0/7 0/16 0/8	17/3855 7/175 1/17 0/0 0/1 0/1 0/0	4049	74	4	4	0.001	0.054	3/25 1/5 0/9 0/4 0/7 0/16 0/8	4/3855 0/175 0/17 0/0 0/1 0/1 0/0	4049	74	11	11	0.003	0.149	6/25 2/5 3/9 0/4 0/7 0/16 0/8	7/3855 3/175 1/17 0/0 0/1 0/1 0/0	81	11	11	0.003	0.136	68	9	9	0.002	0.132
MboI	complete	mean	11.0	bicseq2	1.0	k562/complete/mean_11/bicseq_lambda1.seg	0.789	0.833	0.787	0.835	0.789	0.829	0.826	0.684	0.704	0.844	57	74	31	31	0.544	0.419	1/25 1/5 4/9 3/4 1/7 14/16 7/8	1/7 0/1 4/6 5/9 1/5 14/23 6/6	57	74	41	38	0.719	0.514	2/25 2/5 4/9 3/4 5/7 14/16 8/8	2/7 0/1 6/6 6/9 2/5 19/23 6/6	57	74	20	20	0.351	0.27	0/25 1/5 2/9 3/4 0/7 10/16 4/8	0/7 0/1 3/6 3/9 1/5 9/23 4/6	57	74	31	31	0.544	0.419	1/25 1/5 4/9 3/4 1/7 14/16 7/8	1/7 0/1 4/6 5/9 1/5 14/23 6/6	81	30	30	0.526	0.37	68	31	31	0.544	0.456
MboI	complete	mean	11.0	bicseq2	2.0	k562/complete/mean_11/bicseq_lambda2.seg	0.806	0.83	0.804	0.829	0.806	0.826	0.824	0.698	0.704	0.844	40	74	29	29	0.725	0.392	1/25 1/5 4/9 2/4 1/7 13/16 7/8	1/5 0/1 4/5 3/4 0/0 14/18 7/7	40	74	32	34	0.8	0.459	2/25 2/5 4/9 3/4 3/7 13/16 7/8	2/5 0/1 5/5 3/4 0/0 15/18 7/7	40	74	23	23	0.575	0.311	0/25 1/5 2/9 2/4 0/7 11/16 7/8	0/5 0/1 3/5 2/4 0/0 11/18 7/7	40	74	29	29	0.725	0.392	1/25 1/5 4/9 2/4 1/7 13/16 7/8	1/5 0/1 4/5 3/4 0/0 14/18 7/7	81	28	28	0.7	0.346	68	29	29	0.725	0.426
MboI	complete	mean	11.0	bicseq2	3.0	k562/complete/mean_11/bicseq_lambda3.seg	0.703	0.839	0.702	0.839	0.704	0.836	0.822	0.697	0.704	0.844	29	74	23	23	0.793	0.311	0/25 0/5 2/9 1/4 1/7 12/16 7/8	0/2 0/0 2/2 0/1 1/1 13/15 7/8	29	74	26	28	0.897	0.378	0/25 0/5 3/9 2/4 3/7 13/16 7/8	0/2 0/0 2/2 1/1 1/1 14/15 8/8	29	74	18	18	0.621	0.243	0/25 0/5 1/9 0/4 0/7 10/16 7/8	0/2 0/0 1/2 0/1 0/1 10/15 7/8	29	74	23	23	0.793	0.311	0/25 0/5 2/9 1/4 1/7 12/16 7/8	0/2 0/0 2/2 0/1 1/1 13/15 7/8	81	22	22	0.759	0.272	68	23	23	0.793	0.338
MboI	complete	mean	11.0	cbs		k562/complete/mean_11/cbs_alpha0.01.seg	0.668	0.679	0.668	0.686	0.667	0.673	0.719	0.569	0.704	0.844	4237	74	9	9	0.002	0.122	6/25 1/5 2/9 0/4 0/7 0/16 0/8	7/4060 2/159 0/16 0/0 0/1 0/1 0/0	4237	74	18	18	0.004	0.243	10/25 3/5 4/9 1/4 0/7 0/16 0/8	13/4060 5/159 0/16 0/0 0/1 0/1 0/0	4237	74	3	3	0.001	0.041	2/25 1/5 0/9 0/4 0/7 0/16 0/8	3/4060 0/159 0/16 0/0 0/1 0/1 0/0	4237	74	9	9	0.002	0.122	6/25 1/5 2/9 0/4 0/7 0/16 0/8	7/4060 2/159 0/16 0/0 0/1 0/1 0/0	81	10	10	0.002	0.123	68	7	7	0.002	0.103
MboI	complete	mean	21.0	bicseq2	1.0	k562/complete/mean_21/bicseq_lambda1.seg	0.741	0.821	0.74	0.821	0.741	0.818	0.816	0.677	0.677	0.846	68	74	31	31	0.456	0.419	0/25 1/5 4/9 3/4 2/7 14/16 7/8	0/0 0/7 5/10 4/12 2/11 14/22 6/6	68	74	40	38	0.588	0.514	2/25 2/5 4/9 3/4 5/7 14/16 8/8	0/0 2/7 7/10 5/12 2/11 18/22 6/6	68	74	21	21	0.309	0.284	0/25 0/5 2/9 3/4 1/7 10/16 5/8	0/0 0/7 3/10 2/12 2/11 9/22 5/6	68	74	31	31	0.456	0.419	0/25 1/5 4/9 3/4 2/7 14/16 7/8	0/0 0/7 5/10 4/12 2/11 14/22 6/6	81	32	32	0.471	0.395	68	31	31	0.456	0.456
MboI	complete	mean	21.0	bicseq2	2.0	k562/complete/mean_21/bicseq_lambda2.seg	0.758	0.848	0.757	0.849	0.758	0.845	0.818	0.685	0.677	0.846	37	74	29	29	0.784	0.392	0/25 0/5 4/9 2/4 1/7 14/16 8/8	0/0 0/3 3/4 3/4 0/1 14/16 9/9	37	74	32	36	0.865	0.486	1/25 2/5 4/9 3/4 4/7 14/16 8/8	0/0 1/3 4/4 3/4 0/1 15/16 9/9	37	74	20	20	0.541	0.27	0/25 0/5 1/9 2/4 0/7 10/16 7/8	0/0 0/3 2/4 1/4 0/1 10/16 7/9	37	74	29	29	0.784	0.392	0/25 0/5 4/9 2/4 1/7 14/16 8/8	0/0 0/3 3/4 3/4 0/1 14/16 9/9	81	28	28	0.757	0.346	68	29	29	0.784	0.426
MboI	complete	mean	21.0	bicseq2	3.0	k562/complete/mean_21/bicseq_lambda3.seg	0.675	0.835	0.674	0.834	0.676	0.833	0.814	0.698	0.677	0.846	28	74	21	21	0.75	0.284	0/25 0/5 1/9 0/4 1/7 12/16 7/8	0/0 0/2 1/1 0/1 0/1 13/14 7/9	28	74	26	28	0.929	0.378	0/25 0/5 2/9 2/4 3/7 13/16 8/8	0/0 0/2 1/1 1/1 1/1 14/14 9/9	28	74	17	17	0.607	0.23	0/25 0/5 0/9 0/4 0/7 10/16 7/8	0/0 0/2 0/1 0/1 0/1 10/14 7/9	28	74	21	21	0.75	0.284	0/25 0/5 1/9 0/4 1/7 12/16 7/8	0/0 0/2 1/1 0/1 0/1 13/14 7/9	81	20	20	0.714	0.247	68	21	21	0.75	0.309
MboI	complete	mean	21.0	cbs		k562/complete/mean_21/cbs_alpha0.01.seg	0.65	0.702	0.65	0.709	0.649	0.695	0.73	0.588	0.677	0.846	4863	74	4	4	0.001	0.054	3/25 0/5 1/9 0/4 0/7 0/16 0/8	3/4712 0/138 1/12 0/0 0/0 0/1 0/0	4863	74	15	15	0.003	0.203	9/25 3/5 3/9 0/4 0/7 0/16 0/8	13/4712 1/138 1/12 0/0 0/0 0/1 0/0	4863	74	2	2	0.0	0.027	2/25 0/5 0/9 0/4 0/7 0/16 0/8	2/4712 0/138 0/12 0/0 0/0 0/1 0/0	4863	74	4	4	0.001	0.054	3/25 0/5 1/9 0/4 0/7 0/16 0/8	3/4712 0/138 1/12 0/0 0/0 0/1 0/0	81	4	4	0.001	0.049	68	4	4	0.001	0.059
MboI	complete	mean	41.0	bicseq2	1.0	k562/complete/mean_41/bicseq_lambda1.seg	0.637	0.817	0.637	0.819	0.637	0.815	0.808	0.66	0.621	0.842	75	74	29	29	0.387	0.392	0/25 0/5 3/9 3/4 1/7 15/16 7/8	0/0 1/1 1/11 4/20 2/9 16/28 5/6	75	74	43	39	0.573	0.527	0/25 2/5 5/9 3/4 6/7 15/16 8/8	0/0 1/1 4/11 8/20 3/9 22/28 5/6	75	74	16	16	0.213	0.216	0/25 0/5 0/9 3/4 1/7 9/16 3/8	0/0 0/1 1/11 2/20 1/9 9/28 3/6	75	74	29	29	0.387	0.392	0/25 0/5 3/9 3/4 1/7 15/16 7/8	0/0 1/1 1/11 4/20 2/9 16/28 5/6	81	30	30	0.4	0.37	68	27	27	0.36	0.397
MboI	complete	mean	41.0	bicseq2	2.0	k562/complete/mean_41/bicseq_lambda2.seg	0.646	0.829	0.645	0.828	0.646	0.827	0.812	0.676	0.621	0.842	40	74	27	27	0.675	0.365	0/25 0/5 3/9 1/4 1/7 14/16 8/8	0/0 1/1 0/4 2/4 1/3 15/19 8/9	40	74	31	33	0.775	0.446	0/25 1/5 4/9 2/4 4/7 14/16 8/8	0/0 1/1 2/4 2/4 1/3 17/19 8/9	40	74	16	16	0.4	0.216	0/25 0/5 0/9 0/4 0/7 10/16 6/8	0/0 0/1 0/4 0/4 0/3 10/19 6/9	40	74	27	27	0.675	0.365	0/25 0/5 3/9 1/4 1/7 14/16 8/8	0/0 1/1 0/4 2/4 1/3 15/19 8/9	81	26	26	0.65	0.321	68	27	27	0.675	0.397
MboI	complete	mean	41.0	bicseq2	3.0	k562/complete/mean_41/bicseq_lambda3.seg	0.65	0.833	0.649	0.831	0.65	0.832	0.812	0.678	0.621	0.842	28	74	21	21	0.75	0.284	0/25 0/5 0/9 1/4 1/7 12/16 7/8	0/0 0/0 0/2 0/1 1/2 13/14 7/9	28	74	26	28	0.929	0.378	0/25 0/5 2/9 2/4 3/7 13/16 8/8	0/0 0/0 1/2 1/1 1/2 14/14 9/9	28	74	17	17	0.607	0.23	0/25 0/5 0/9 0/4 0/7 10/16 7/8	0/0 0/0 0/2 0/1 0/2 10/14 7/9	28	74	21	21	0.75	0.284	0/25 0/5 0/9 1/4 1/7 12/16 7/8	0/0 0/0 0/2 0/1 1/2 13/14 7/9	81	20	20	0.714	0.247	68	21	21	0.75	0.309
MboI	complete	mean	41.0	cbs		k562/complete/mean_41/cbs_alpha0.01.seg	0.606	0.73	0.606	0.737	0.605	0.721	0.746	0.606	0.621	0.842	4845	74	4	4	0.001	0.054	3/25 0/5 0/9 1/4 0/7 0/16 0/8	3/4692 0/138 1/14 0/0 0/1 0/0 0/0	4845	74	22	18	0.005	0.243	8/25 4/5 4/9 2/4 0/7 0/16 0/8	19/4692 1/138 2/14 0/0 0/1 0/0 0/0	4845	74	1	1	0.0	0.014	1/25 0/5 0/9 0/4 0/7 0/16 0/8	1/4692 0/138 0/14 0/0 0/1 0/0 0/0	4845	74	5	5	0.001	0.068	4/25 0/5 0/9 1/4 0/7 0/16 0/8	4/4692 0/138 1/14 0/0 0/1 0/0 0/0	81	4	4	0.001	0.049	68	3	3	0.001	0.044
MboI	complete	gaussian	3.0	bicseq2	3.0	k562/complete/gaussian_3/bicseq_lambda3.seg	0.785	0.823	0.783	0.818	0.786	0.82	0.809	0.683	0.795	0.846	25	74	21	21	0.84	0.284	0/25 1/5 2/9 1/4 1/7 10/16 6/8	0/2 0/0 3/3 0/0 1/1 11/12 6/7	25	74	23	24	0.92	0.324	0/25 1/5 2/9 2/4 2/7 11/16 6/8	0/2 0/0 3/3 0/0 1/1 12/12 7/7	25	74	14	14	0.56	0.189	0/25 0/5 0/9 0/4 0/7 8/16 6/8	0/2 0/0 0/3 0/0 0/1 8/12 6/7	25	74	21	21	0.84	0.284	0/25 1/5 2/9 1/4 1/7 10/16 6/8	0/2 0/0 3/3 0/0 1/1 11/12 6/7	81	20	20	0.8	0.247	68	21	21	0.84	0.309
MboI	complete	gaussian	5.0	bicseq2	3.0	k562/complete/gaussian_5/bicseq_lambda3.seg	0.754	0.8	0.752	0.802	0.754	0.797	0.81	0.686	0.777	0.848	29	74	21	21	0.724	0.284	0/25 0/5 3/9 1/4 1/7 10/16 6/8	0/2 0/0 3/4 0/0 1/1 11/13 6/9	29	74	26	28	0.897	0.378	0/25 1/5 3/9 2/4 3/7 11/16 8/8	0/2 0/0 4/4 0/0 1/1 12/13 9/9	29	74	15	15	0.517	0.203	0/25 0/5 1/9 0/4 0/7 8/16 6/8	0/2 0/0 1/4 0/0 0/1 8/13 6/9	29	74	22	22	0.759	0.297	0/25 1/5 3/9 1/4 1/7 10/16 6/8	0/2 0/0 4/4 0/0 1/1 11/13 6/9	81	20	20	0.69	0.247	68	21	21	0.724	0.309
MboI	complete	gaussian	7.0	bicseq2	3.0	k562/complete/gaussian_7/bicseq_lambda3.seg	0.746	0.8	0.745	0.802	0.747	0.796	0.806	0.679	0.766	0.849	29	74	21	21	0.724	0.284	0/25 0/5 3/9 1/4 1/7 10/16 6/8	0/2 0/0 3/4 0/0 1/1 11/13 6/9	29	74	26	27	0.897	0.365	0/25 1/5 3/9 2/4 2/7 11/16 8/8	0/2 0/0 4/4 0/0 1/1 12/13 9/9	29	74	15	15	0.517	0.203	0/25 0/5 1/9 0/4 0/7 8/16 6/8	0/2 0/0 1/4 0/0 0/1 8/13 6/9	29	74	21	21	0.724	0.284	0/25 0/5 3/9 1/4 1/7 10/16 6/8	0/2 0/0 3/4 0/0 1/1 11/13 6/9	81	20	20	0.69	0.247	68	21	21	0.724	0.309
MboI	complete	gaussian	9.0	bicseq2	3.0	k562/complete/gaussian_9/bicseq_lambda3.seg	0.744	0.834	0.742	0.833	0.744	0.832	0.822	0.695	0.758	0.851	29	74	23	23	0.793	0.311	0/25 0/5 3/9 1/4 1/7 11/16 7/8	0/2 0/0 3/4 0/0 1/1 12/14 7/8	29	74	26	28	0.897	0.378	0/25 1/5 3/9 2/4 3/7 12/16 7/8	0/2 0/0 4/4 0/0 1/1 13/14 8/8	29	74	17	17	0.586	0.23	0/25 0/5 1/9 0/4 0/7 9/16 7/8	0/2 0/0 1/4 0/0 0/1 9/14 7/8	29	74	23	23	0.793	0.311	0/25 0/5 3/9 1/4 1/7 11/16 7/8	0/2 0/0 3/4 0/0 1/1 12/14 7/8	81	22	22	0.759	0.272	68	23	23	0.793	0.338
MboI	complete	gaussian	11.0	bicseq2	3.0	k562/complete/gaussian_11/bicseq_lambda3.seg	0.746	0.854	0.745	0.854	0.747	0.852	0.825	0.697	0.755	0.853	31	74	24	24	0.774	0.324	0/25 0/5 3/9 1/4 1/7 12/16 7/8	0/2 0/0 3/4 0/0 1/1 13/15 7/9	31	74	28	30	0.903	0.405	0/25 1/5 3/9 2/4 3/7 13/16 8/8	0/2 0/0 4/4 0/0 1/1 14/15 9/9	31	74	18	18	0.581	0.243	0/25 0/5 1/9 0/4 0/7 10/16 7/8	0/2 0/0 1/4 0/0 0/1 10/15 7/9	31	74	24	24	0.774	0.324	0/25 0/5 3/9 1/4 1/7 12/16 7/8	0/2 0/0 3/4 0/0 1/1 13/15 7/9	81	23	23	0.742	0.284	68	24	24	0.774	0.353
MboI	complete	gaussian	21.0	bicseq2	3.0	k562/complete/gaussian_21/bicseq_lambda3.seg	0.711	0.832	0.71	0.83	0.712	0.829	0.818	0.68	0.727	0.859	27	74	20	20	0.741	0.27	0/25 0/5 0/9 1/4 1/7 11/16 7/8	0/1 0/1 0/1 0/1 1/1 12/13 7/9	27	74	25	26	0.926	0.351	0/25 0/5 2/9 2/4 2/7 12/16 8/8	0/1 0/1 1/1 1/1 1/1 13/13 9/9	27	74	16	16	0.593	0.216	0/25 0/5 0/9 0/4 0/7 9/16 7/8	0/1 0/1 0/1 0/1 0/1 9/13 7/9	27	74	20	20	0.741	0.27	0/25 0/5 0/9 1/4 1/7 11/16 7/8	0/1 0/1 0/1 0/1 1/1 12/13 7/9	81	20	20	0.741	0.247	68	20	20	0.741	0.294
MboI	complete	gaussian	41.0	bicseq2	3.0	k562/complete/gaussian_41/bicseq_lambda3.seg	0.679	0.829	0.678	0.827	0.68	0.825	0.818	0.667	0.673	0.858	27	74	21	21	0.778	0.284	0/25 0/5 1/9 1/4 1/7 11/16 7/8	0/0 0/0 0/2 1/2 1/1 12/13 7/9	27	74	26	28	0.963	0.378	0/25 1/5 2/9 2/4 3/7 12/16 8/8	0/0 0/0 1/2 2/2 1/1 13/13 9/9	27	74	16	16	0.593	0.216	0/25 0/5 0/9 0/4 0/7 9/16 7/8	0/0 0/0 0/2 0/2 0/1 9/13 7/9	27	74	21	21	0.778	0.284	0/25 0/5 1/9 1/4 1/7 11/16 7/8	0/0 0/0 0/2 1/2 1/1 12/13 7/9	81	20	20	0.741	0.247	68	21	21	0.778	0.309
MboI	complete	median	3.0	bicseq2	3.0	k562/complete/median_3/bicseq_lambda3.seg	0.71	0.792	0.709	0.788	0.71	0.788	0.811	0.642	0.78	0.842	20	74	17	17	0.85	0.23	0/25 0/5 1/9 1/4 1/7 8/16 6/8	0/1 0/0 1/1 0/1 1/1 9/10 6/6	20	74	18	20	0.9	0.27	0/25 0/5 2/9 2/4 2/7 8/16 6/8	0/1 0/0 1/1 1/1 1/1 9/10 6/6	20	74	13	13	0.65	0.176	0/25 0/5 0/9 0/4 0/7 7/16 6/8	0/1 0/0 0/1 0/1 0/1 7/10 6/6	20	74	17	17	0.85	0.23	0/25 0/5 1/9 1/4 1/7 8/16 6/8	0/1 0/0 1/1 0/1 1/1 9/10 6/6	81	16	16	0.8	0.198	68	17	17	0.85	0.25
MboI	complete	median	5.0	bicseq2	3.0	k562/complete/median_5/bicseq_lambda3.seg	0.724	0.802	0.723	0.799	0.724	0.798	0.809	0.651	0.787	0.849	21	74	20	20	0.952	0.27	0/25 1/5 2/9 1/4 1/7 9/16 6/8	0/0 0/0 3/3 0/0 1/1 10/11 6/6	21	74	20	22	0.952	0.297	0/25 1/5 2/9 2/4 2/7 9/16 6/8	0/0 0/0 3/3 0/0 1/1 10/11 6/6	21	74	13	13	0.619	0.176	0/25 0/5 0/9 0/4 0/7 7/16 6/8	0/0 0/0 0/3 0/0 0/1 7/11 6/6	21	74	20	20	0.952	0.27	0/25 1/5 2/9 1/4 1/7 9/16 6/8	0/0 0/0 3/3 0/0 1/1 10/11 6/6	81	19	19	0.905	0.235	68	20	20	0.952	0.294
MboI	complete	median	7.0	bicseq2	3.0	k562/complete/median_7/bicseq_lambda3.seg	0.731	0.803	0.73	0.801	0.731	0.8	0.806	0.648	0.799	0.853	21	74	20	20	0.952	0.27	0/25 1/5 2/9 1/4 1/7 9/16 6/8	0/0 0/0 3/3 0/0 1/1 10/11 6/6	21	74	20	21	0.952	0.284	0/25 1/5 2/9 1/4 2/7 9/16 6/8	0/0 0/0 3/3 0/0 1/1 10/11 6/6	21	74	14	14	0.667	0.189	0/25 0/5 1/9 0/4 0/7 7/16 6/8	0/0 0/0 1/3 0/0 0/1 7/11 6/6	21	74	20	20	0.952	0.27	0/25 1/5 2/9 1/4 1/7 9/16 6/8	0/0 0/0 3/3 0/0 1/1 10/11 6/6	81	19	19	0.905	0.235	68	20	20	0.952	0.294
MboI	complete	median	9.0	bicseq2	3.0	k562/complete/median_9/bicseq_lambda3.seg	0.701	0.801	0.7	0.799	0.701	0.798	0.806	0.652	0.791	0.856	21	74	20	20	0.952	0.27	0/25 1/5 2/9 1/4 1/7 9/16 6/8	0/0 0/0 3/3 0/0 1/1 10/11 6/6	21	74	20	21	0.952	0.284	0/25 1/5 2/9 1/4 2/7 9/16 6/8	0/0 0/0 3/3 0/0 1/1 10/11 6/6	21	74	14	14	0.667	0.189	0/25 0/5 1/9 0/4 0/7 7/16 6/8	0/0 0/0 1/3 0/0 0/1 7/11 6/6	21	74	20	20	0.952	0.27	0/25 1/5 2/9 1/4 1/7 9/16 6/8	0/0 0/0 3/3 0/0 1/1 10/11 6/6	81	19	19	0.905	0.235	68	20	20	0.952	0.294
MboI	complete	median	11.0	bicseq2	3.0	k562/complete/median_11/bicseq_lambda3.seg	0.715	0.804	0.714	0.8	0.716	0.801	0.806	0.65	0.795	0.859	21	74	20	20	0.952	0.27	0/25 1/5 2/9 1/4 1/7 9/16 6/8	0/0 0/0 3/3 0/0 1/1 10/11 6/6	21	74	20	21	0.952	0.284	0/25 1/5 2/9 1/4 2/7 9/16 6/8	0/0 0/0 3/3 0/0 1/1 10/11 6/6	21	74	14	14	0.667	0.189	0/25 0/5 1/9 0/4 0/7 7/16 6/8	0/0 0/0 1/3 0/0 0/1 7/11 6/6	21	74	20	20	0.952	0.27	0/25 1/5 2/9 1/4 1/7 9/16 6/8	0/0 0/0 3/3 0/0 1/1 10/11 6/6	81	19	19	0.905	0.235	68	20	20	0.952	0.294
MboI	complete	median	21.0	bicseq2	3.0	k562/complete/median_21/bicseq_lambda3.seg	0.689	0.805	0.689	0.8	0.69	0.802	0.807	0.648	0.806	0.864	20	74	19	19	0.95	0.257	0/25 0/5 2/9 1/4 1/7 9/16 6/8	0/0 0/0 2/2 0/0 1/1 10/11 6/6	20	74	19	20	0.95	0.27	0/25 0/5 2/9 1/4 2/7 9/16 6/8	0/0 0/0 2/2 0/0 1/1 10/11 6/6	20	74	14	14	0.7	0.189	0/25 0/5 1/9 0/4 0/7 7/16 6/8	0/0 0/0 1/2 0/0 0/1 7/11 6/6	20	74	19	19	0.95	0.257	0/25 0/5 2/9 1/4 1/7 9/16 6/8	0/0 0/0 2/2 0/0 1/1 10/11 6/6	81	18	18	0.9	0.222	68	19	19	0.95	0.279
MboI	complete	median	41.0	bicseq2	3.0	k562/complete/median_41/bicseq_lambda3.seg	0.711	0.787	0.71	0.78	0.712	0.786	0.79	0.656	0.755	0.854	24	74	20	20	0.833	0.27	0/25 1/5 2/9 1/4 1/7 9/16 6/8	0/0 1/1 2/2 0/1 1/2 10/10 6/8	24	74	22	23	0.917	0.311	0/25 1/5 2/9 1/4 2/7 10/16 7/8	0/0 1/1 2/2 0/1 1/2 10/10 8/8	24	74	14	14	0.583	0.189	0/25 1/5 1/9 0/4 0/7 6/16 6/8	0/0 1/1 1/2 0/1 0/2 6/10 6/8	24	74	20	20	0.833	0.27	0/25 1/5 2/9 1/4 1/7 9/16 6/8	0/0 1/1 2/2 0/1 1/2 10/10 6/8	81	19	19	0.792	0.235	68	20	20	0.833	0.294
MboI	complete	savgol	5.0	bicseq2	3.0	k562/complete/savgol_5/bicseq_lambda3.seg	0.543	0.806	0.542	0.8	0.544	0.806	0.774	0.614	0.577	0.829	17	74	15	15	0.882	0.203	0/25 1/5 2/9 0/4 1/7 5/16 6/8	0/1 0/0 3/3 0/0 0/0 6/6 6/7	17	74	15	16	0.882	0.216	0/25 1/5 2/9 1/4 1/7 5/16 6/8	0/1 0/0 3/3 0/0 0/0 6/6 6/7	17	74	11	11	0.647	0.149	0/25 0/5 0/9 0/4 0/7 5/16 6/8	0/1 0/0 0/3 0/0 0/0 5/6 6/7	17	74	15	15	0.882	0.203	0/25 1/5 2/9 0/4 1/7 5/16 6/8	0/1 0/0 3/3 0/0 0/0 6/6 6/7	81	15	15	0.882	0.185	68	15	15	0.882	0.221
MboI	complete	savgol	7.0	bicseq2	3.0	k562/complete/savgol_7/bicseq_lambda3.seg	0.717	0.79	0.716	0.79	0.718	0.791	0.791	0.651	0.652	0.837	20	74	17	17	0.85	0.23	0/25 1/5 2/9 1/4 1/7 6/16 6/8	0/2 0/0 3/3 0/0 1/1 7/7 6/7	20	74	18	19	0.9	0.257	0/25 1/5 2/9 2/4 1/7 7/16 6/8	0/2 0/0 3/3 0/0 1/1 7/7 7/7	20	74	11	11	0.55	0.149	0/25 0/5 0/9 0/4 0/7 5/16 6/8	0/2 0/0 0/3 0/0 0/1 5/7 6/7	20	74	17	17	0.85	0.23	0/25 1/5 2/9 1/4 1/7 6/16 6/8	0/2 0/0 3/3 0/0 1/1 7/7 6/7	81	17	17	0.85	0.21	68	17	17	0.85	0.25
MboI	complete	savgol	9.0	bicseq2	3.0	k562/complete/savgol_9/bicseq_lambda3.seg	0.683	0.797	0.681	0.798	0.684	0.799	0.81	0.656	0.614	0.834	24	74	20	20	0.833	0.27	0/25 1/5 3/9 1/4 1/7 8/16 6/8	0/2 0/0 4/4 0/0 1/1 9/10 6/7	24	74	21	22	0.875	0.297	0/25 1/5 3/9 2/4 1/7 9/16 6/8	0/2 0/0 4/4 0/0 1/1 9/10 7/7	24	74	14	14	0.583	0.189	0/25 0/5 1/9 0/4 0/7 7/16 6/8	0/2 0/0 1/4 0/0 0/1 7/10 6/7	24	74	20	20	0.833	0.27	0/25 1/5 3/9 1/4 1/7 8/16 6/8	0/2 0/0 4/4 0/0 1/1 9/10 6/7	81	20	20	0.833	0.247	68	20	20	0.833	0.294
MboI	complete	savgol	11.0	bicseq2	3.0	k562/complete/savgol_11/bicseq_lambda3.seg	0.664	0.778	0.663	0.781	0.665	0.778	0.802	0.671	0.592	0.832	23	74	20	20	0.87	0.27	0/25 1/5 3/9 1/4 1/7 8/16 6/8	0/1 0/0 4/4 0/0 1/1 9/10 6/7	23	74	21	22	0.913	0.297	0/25 1/5 3/9 2/4 1/7 9/16 6/8	0/1 0/0 4/4 0/0 1/1 9/10 7/7	23	74	14	14	0.609	0.189	0/25 0/5 1/9 0/4 0/7 7/16 6/8	0/1 0/0 1/4 0/0 0/1 7/10 6/7	23	74	20	20	0.87	0.27	0/25 1/5 3/9 1/4 1/7 8/16 6/8	0/1 0/0 4/4 0/0 1/1 9/10 6/7	81	20	20	0.87	0.247	68	20	20	0.87	0.294
MboI	complete	savgol	21.0	bicseq2	3.0	k562/complete/savgol_21/bicseq_lambda3.seg	0.653	0.84	0.652	0.835	0.653	0.837	0.817	0.676	0.573	0.836	24	74	20	20	0.833	0.27	0/25 0/5 1/9 1/4 1/7 10/16 7/8	0/0 0/0 1/1 0/1 2/2 10/11 7/9	24	74	24	25	1.0	0.338	0/25 0/5 2/9 2/4 2/7 11/16 8/8	0/0 0/0 1/1 1/1 2/2 11/11 9/9	24	74	15	15	0.625	0.203	0/25 0/5 0/9 0/4 0/7 8/16 7/8	0/0 0/0 0/1 0/1 1/2 7/11 7/9	24	74	20	20	0.833	0.27	0/25 0/5 1/9 1/4 1/7 10/16 7/8	0/0 0/0 1/1 0/1 2/2 10/11 7/9	81	20	20	0.833	0.247	68	20	20	0.833	0.294
MboI	complete	savgol	41.0	bicseq2	3.0	k562/complete/savgol_41/bicseq_lambda3.seg	0.71	0.831	0.709	0.829	0.711	0.827	0.815	0.666	0.668	0.841	25	74	21	21	0.84	0.284	0/25 0/5 2/9 1/4 1/7 10/16 7/8	0/0 0/0 1/2 1/1 1/1 11/12 7/9	25	74	25	27	1.0	0.365	0/25 1/5 2/9 2/4 3/7 11/16 8/8	0/0 0/0 2/2 1/1 1/1 12/12 9/9	25	74	15	15	0.6	0.203	0/25 0/5 0/9 0/4 0/7 8/16 7/8	0/0 0/0 0/2 0/1 0/1 8/12 7/9	25	74	21	21	0.84	0.284	0/25 0/5 2/9 1/4 1/7 10/16 7/8	0/0 0/0 1/2 1/1 1/1 11/12 7/9	81	20	20	0.8	0.247	68	21	21	0.84	0.309
MboI	complete	haar	1.0	bicseq2	3.0	k562/complete/haar_1/bicseq_lambda3.seg	0.8	0.806	0.798	0.802	0.801	0.802	0.811	0.666	0.778	0.836	22	74	18	18	0.818	0.243	0/25 1/5 2/9 1/4 1/7 7/16 6/8	0/2 0/0 3/3 0/0 1/1 8/9 6/7	22	74	20	21	0.909	0.284	0/25 1/5 2/9 2/4 2/7 8/16 6/8	0/2 0/0 3/3 0/0 1/1 9/9 7/7	22	74	12	12	0.545	0.162	0/25 0/5 0/9 0/4 0/7 6/16 6/8	0/2 0/0 0/3 0/0 0/1 6/9 6/7	22	74	18	18	0.818	0.243	0/25 1/5 2/9 1/4 1/7 7/16 6/8	0/2 0/0 3/3 0/0 1/1 8/9 6/7	81	18	18	0.818	0.222	68	18	18	0.818	0.265
MboI	complete	haar	2.0	bicseq2	3.0	k562/complete/haar_2/bicseq_lambda3.seg	0.793	0.809	0.791	0.805	0.794	0.806	0.812	0.683	0.784	0.842	26	74	20	20	0.769	0.27	0/25 1/5 2/9 1/4 1/7 9/16 6/8	0/2 0/0 3/3 0/0 1/1 10/11 6/9	26	74	24	26	0.923	0.351	0/25 1/5 2/9 2/4 3/7 10/16 8/8	0/2 0/0 3/3 0/0 1/1 11/11 9/9	26	74	13	13	0.5	0.176	0/25 0/5 0/9 0/4 0/7 7/16 6/8	0/2 0/0 0/3 0/0 0/1 7/11 6/9	26	74	20	20	0.769	0.27	0/25 1/5 2/9 1/4 1/7 9/16 6/8	0/2 0/0 3/3 0/0 1/1 10/11 6/9	81	19	19	0.731	0.235	68	20	20	0.769	0.294
MboI	complete	haar	3.0	bicseq2	3.0	k562/complete/haar_3/bicseq_lambda3.seg	0.769	0.811	0.767	0.807	0.77	0.806	0.802	0.652	0.719	0.848	25	74	20	20	0.8	0.27	0/25 1/5 2/9 1/4 1/7 9/16 6/8	0/2 0/0 3/3 0/0 1/1 10/11 6/8	25	74	23	24	0.92	0.324	0/25 1/5 2/9 2/4 2/7 10/16 7/8	0/2 0/0 3/3 0/0 1/1 11/11 8/8	25	74	14	14	0.56	0.189	0/25 0/5 0/9 0/4 0/7 8/16 6/8	0/2 0/0 0/3 0/0 0/1 8/11 6/8	25	74	20	20	0.8	0.27	0/25 1/5 2/9 1/4 1/7 9/16 6/8	0/2 0/0 3/3 0/0 1/1 10/11 6/8	81	20	20	0.8	0.247	68	20	20	0.8	0.294
MboI	complete	haar	4.0	bicseq2	3.0	k562/complete/haar_4/bicseq_lambda3.seg	0.734	0.839	0.733	0.836	0.735	0.835	0.821	0.664	0.683	0.856	25	74	21	21	0.84	0.284	0/25 1/5 2/9 1/4 1/7 9/16 7/8	0/2 0/0 3/3 0/0 1/1 10/11 7/8	25	74	23	24	0.92	0.324	0/25 1/5 2/9 2/4 2/7 10/16 7/8	0/2 0/0 3/3 0/0 1/1 11/11 8/8	25	74	15	15	0.6	0.203	0/25 0/5 0/9 0/4 0/7 8/16 7/8	0/2 0/0 0/3 0/0 0/1 8/11 7/8	25	74	21	21	0.84	0.284	0/25 1/5 2/9 1/4 1/7 9/16 7/8	0/2 0/0 3/3 0/0 1/1 10/11 7/8	81	20	20	0.8	0.247	68	21	21	0.84	0.309
MboI	complete	haar	5.0	bicseq2	3.0	k562/complete/haar_5/bicseq_lambda3.seg	0.713	0.82	0.712	0.816	0.714	0.816	0.814	0.651	0.666	0.863	25	74	21	21	0.84	0.284	0/25 1/5 2/9 1/4 1/7 9/16 7/8	0/2 0/0 3/3 0/0 1/1 10/11 7/8	25	74	23	25	0.92	0.338	0/25 1/5 2/9 2/4 3/7 10/16 7/8	0/2 0/0 3/3 0/0 1/1 11/11 8/8	25	74	15	15	0.6	0.203	0/25 0/5 0/9 0/4 0/7 8/16 7/8	0/2 0/0 0/3 0/0 0/1 8/11 7/8	25	74	21	21	0.84	0.284	0/25 1/5 2/9 1/4 1/7 9/16 7/8	0/2 0/0 3/3 0/0 1/1 10/11 7/8	81	20	20	0.8	0.247	68	21	21	0.84	0.309
MboI	complete	sym4	1.0	bicseq2	3.0	k562/complete/sym4_1/bicseq_lambda3.seg	0.735	0.806	0.734	0.802	0.736	0.802	0.813	0.647	0.66	0.835	19	74	16	16	0.842	0.216	0/25 1/5 2/9 1/4 1/7 5/16 6/8	0/2 0/0 3/3 0/0 1/1 6/6 6/7	19	74	17	18	0.895	0.243	0/25 1/5 2/9 2/4 1/7 6/16 6/8	0/2 0/0 3/3 0/0 1/1 6/6 7/7	19	74	10	10	0.526	0.135	0/25 0/5 0/9 0/4 0/7 4/16 6/8	0/2 0/0 0/3 0/0 0/1 4/6 6/7	19	74	16	16	0.842	0.216	0/25 1/5 2/9 1/4 1/7 5/16 6/8	0/2 0/0 3/3 0/0 1/1 6/6 6/7	81	15	15	0.789	0.185	68	16	16	0.842	0.235
MboI	complete	sym4	2.0	bicseq2	3.0	k562/complete/sym4_2/bicseq_lambda3.seg	0.755	0.818	0.754	0.813	0.756	0.816	0.819	0.655	0.69	0.84	22	74	18	18	0.818	0.243	0/25 0/5 2/9 1/4 1/7 8/16 6/8	0/2 0/0 2/3 0/0 1/1 9/9 6/7	22	74	20	22	0.909	0.297	0/25 1/5 2/9 2/4 2/7 9/16 6/8	0/2 0/0 3/3 0/0 1/1 9/9 7/7	22	74	13	13	0.591	0.176	0/25 0/5 0/9 0/4 0/7 7/16 6/8	0/2 0/0 0/3 0/0 0/1 7/9 6/7	22	74	18	18	0.818	0.243	0/25 0/5 2/9 1/4 1/7 8/16 6/8	0/2 0/0 2/3 0/0 1/1 9/9 6/7	81	17	17	0.773	0.21	68	18	18	0.818	0.265
MboI	complete	sym4	3.0	bicseq2	3.0	k562/complete/sym4_3/bicseq_lambda3.seg	0.723	0.798	0.721	0.795	0.723	0.796	0.807	0.653	0.657	0.847	24	74	19	19	0.792	0.257	1/25 0/5 2/9 1/4 1/7 8/16 6/8	1/3 0/0 2/2 0/1 1/1 9/10 6/7	24	74	21	22	0.875	0.297	1/25 1/5 2/9 2/4 2/7 8/16 6/8	1/3 0/0 2/2 1/1 1/1 10/10 6/7	24	74	14	14	0.583	0.189	1/25 0/5 0/9 0/4 0/7 7/16 6/8	1/3 0/0 0/2 0/1 0/1 7/10 6/7	24	74	19	19	0.792	0.257	1/25 0/5 2/9 1/4 1/7 8/16 6/8	1/3 0/0 2/2 0/1 1/1 9/10 6/7	81	19	19	0.792	0.235	68	19	19	0.792	0.279
MboI	complete	sym4	4.0	bicseq2	3.0	k562/complete/sym4_4/bicseq_lambda3.seg	0.71	0.807	0.709	0.803	0.711	0.804	0.812	0.667	0.641	0.855	22	74	19	19	0.864	0.257	1/25 0/5 2/9 1/4 1/7 8/16 6/8	1/3 0/0 2/2 0/0 1/1 9/10 6/6	22	74	20	22	0.909	0.297	1/25 0/5 2/9 2/4 3/7 8/16 6/8	1/3 0/0 2/2 0/0 1/1 10/10 6/6	22	74	14	14	0.636	0.189	1/25 0/5 0/9 0/4 0/7 7/16 6/8	1/3 0/0 0/2 0/0 0/1 7/10 6/6	22	74	19	19	0.864	0.257	1/25 0/5 2/9 1/4 1/7 8/16 6/8	1/3 0/0 2/2 0/0 1/1 9/10 6/6	81	18	18	0.818	0.222	68	19	19	0.864	0.279
MboI	complete	sym4	5.0	bicseq2	3.0	k562/complete/sym4_5/bicseq_lambda3.seg	0.695	0.816	0.694	0.812	0.696	0.815	0.819	0.681	0.629	0.86	23	74	20	20	0.87	0.27	1/25 0/5 2/9 1/4 1/7 9/16 6/8	1/3 0/0 2/2 0/0 1/1 10/11 6/6	23	74	21	23	0.913	0.311	1/25 0/5 2/9 2/4 3/7 9/16 6/8	1/3 0/0 2/2 0/0 1/1 11/11 6/6	23	74	15	15	0.652	0.203	1/25 0/5 0/9 0/4 0/7 8/16 6/8	1/3 0/0 0/2 0/0 0/1 8/11 6/6	23	74	20	20	0.87	0.27	1/25 0/5 2/9 1/4 1/7 9/16 6/8	1/3 0/0 2/2 0/0 1/1 10/11 6/6	81	19	19	0.826	0.235	68	20	20	0.87	0.294
MboI	intra	none	0.0	bicseq2	3.0	k562/intra/none_0/bicseq_lambda3.seg	0.729	0.749	0.728	0.748	0.73	0.743	0.81	0.665	0.729	0.819	23	74	19	19	0.826	0.257	0/25 0/5 3/9 1/4 1/7 8/16 6/8	0/1 0/0 2/2 1/1 1/1 9/10 6/8	23	74	21	21	0.913	0.284	0/25 0/5 3/9 1/4 1/7 9/16 7/8	0/1 0/0 2/2 1/1 1/1 9/10 8/8	23	74	14	14	0.609	0.189	0/25 0/5 1/9 0/4 0/7 7/16 6/8	0/1 0/0 1/2 0/1 0/1 7/10 6/8	23	74	19	19	0.826	0.257	0/25 0/5 3/9 1/4 1/7 8/16 6/8	0/1 0/0 2/2 1/1 1/1 9/10 6/8	81	19	19	0.826	0.235	68	19	19	0.826	0.279
MboI	intra	mean	3.0	bicseq2	3.0	k562/intra/mean_3/bicseq_lambda3.seg	0.765	0.753	0.764	0.752	0.766	0.749	0.809	0.677	0.821	0.83	21	74	18	18	0.857	0.243	0/25 0/5 2/9 1/4 1/7 8/16 6/8	0/1 0/0 2/2 0/0 1/1 9/9 6/8	21	74	20	21	0.952	0.284	0/25 0/5 2/9 2/4 1/7 9/16 7/8	0/1 0/0 2/2 0/0 1/1 9/9 8/8	21	74	13	13	0.619	0.176	0/25 0/5 0/9 0/4 0/7 7/16 6/8	0/1 0/0 0/2 0/0 0/1 7/9 6/8	21	74	18	18	0.857	0.243	0/25 0/5 2/9 1/4 1/7 8/16 6/8	0/1 0/0 2/2 0/0 1/1 9/9 6/8	81	18	18	0.857	0.222	68	18	18	0.857	0.265
MboI	intra	mean	5.0	bicseq2	3.0	k562/intra/mean_5/bicseq_lambda3.seg	0.745	0.747	0.744	0.75	0.746	0.742	0.804	0.687	0.818	0.829	25	74	20	20	0.8	0.27	0/25 0/5 3/9 1/4 1/7 9/16 6/8	0/1 0/0 3/3 0/0 1/1 10/11 6/9	25	74	23	23	0.92	0.311	0/25 0/5 3/9 1/4 1/7 10/16 8/8	0/1 0/0 3/3 0/0 1/1 10/11 9/9	25	74	15	15	0.6	0.203	0/25 0/5 1/9 0/4 0/7 8/16 6/8	0/1 0/0 1/3 0/0 0/1 8/11 6/9	25	74	20	20	0.8	0.27	0/25 0/5 3/9 1/4 1/7 9/16 6/8	0/1 0/0 3/3 0/0 1/1 10/11 6/9	81	20	20	0.8	0.247	68	20	20	0.8	0.294
MboI	intra	mean	7.0	bicseq2	3.0	k562/intra/mean_7/bicseq_lambda3.seg	0.733	0.754	0.732	0.756	0.734	0.75	0.804	0.699	0.807	0.833	25	74	20	20	0.8	0.27	0/25 0/5 3/9 1/4 1/7 9/16 6/8	0/1 0/0 3/3 0/0 1/1 10/11 6/9	25	74	23	24	0.92	0.324	0/25 0/5 3/9 2/4 1/7 10/16 8/8	0/1 0/0 3/3 0/0 1/1 10/11 9/9	25	74	15	15	0.6	0.203	0/25 0/5 1/9 0/4 0/7 8/16 6/8	0/1 0/0 1/3 0/0 0/1 8/11 6/9	25	74	20	20	0.8	0.27	0/25 0/5 3/9 1/4 1/7 9/16 6/8	0/1 0/0 3/3 0/0 1/1 10/11 6/9	81	20	20	0.8	0.247	68	20	20	0.8	0.294
MboI	intra	mean	9.0	bicseq2	3.0	k562/intra/mean_9/bicseq_lambda3.seg	0.717	0.75	0.715	0.752	0.717	0.745	0.804	0.693	0.787	0.832	26	74	20	20	0.769	0.27	0/25 0/5 3/9 1/4 1/7 9/16 6/8	0/1 0/0 3/3 0/0 1/1 10/12 6/9	26	74	23	24	0.885	0.324	0/25 0/5 3/9 2/4 1/7 10/16 8/8	0/1 0/0 3/3 0/0 1/1 10/12 9/9	26	74	15	15	0.577	0.203	0/25 0/5 1/9 0/4 0/7 8/16 6/8	0/1 0/0 1/3 0/0 0/1 8/12 6/9	26	74	20	20	0.769	0.27	0/25 0/5 3/9 1/4 1/7 9/16 6/8	0/1 0/0 3/3 0/0 1/1 10/12 6/9	81	20	20	0.769	0.247	68	20	20	0.769	0.294
MboI	control	f0.3	0.3	bicseq2	3.0	k562/control/f0.3_0.3/bicseq_lambda3.seg	0.661	0.808	0.661	0.804	0.662	0.806	0.818	0.669	0.583	0.847	25	74	19	19	0.76	0.257	0/25 0/5 1/9 1/4 1/7 10/16 6/8	0/1 0/0 1/1 0/1 1/1 11/12 6/9	25	74	24	26	0.96	0.351	0/25 0/5 2/9 2/4 3/7 11/16 8/8	0/1 0/0 1/1 1/1 1/1 12/12 9/9	25	74	14	14	0.56	0.189	0/25 0/5 0/9 0/4 0/7 8/16 6/8	0/1 0/0 0/1 0/1 0/1 8/12 6/9	25	74	19	19	0.76	0.257	0/25 0/5 1/9 1/4 1/7 10/16 6/8	0/1 0/0 1/1 0/1 1/1 11/12 6/9	81	18	18	0.72	0.222	68	19	19	0.76	0.279
MboI	control	f0.5	0.5	bicseq2	3.0	k562/control/f0.5_0.5/bicseq_lambda3.seg	0.62	0.795	0.619	0.788	0.621	0.79	0.815	0.659	0.555	0.84	24	74	19	19	0.792	0.257	0/25 0/5 1/9 1/4 1/7 10/16 6/8	0/0 0/0 1/1 0/1 1/1 11/12 6/9	24	74	23	25	0.958	0.338	0/25 0/5 2/9 2/4 3/7 10/16 8/8	0/0 0/0 1/1 1/1 1/1 12/12 8/9	24	74	14	14	0.583	0.189	0/25 0/5 0/9 0/4 0/7 8/16 6/8	0/0 0/0 0/1 0/1 0/1 8/12 6/9	24	74	19	19	0.792	0.257	0/25 0/5 1/9 1/4 1/7 10/16 6/8	0/0 0/0 1/1 0/1 1/1 11/12 6/9	81	18	18	0.75	0.222	68	19	19	0.792	0.279
MboI	control	f0.7	0.7	bicseq2	3.0	k562/control/f0.7_0.7/bicseq_lambda3.seg	0.498	0.754	0.497	0.749	0.498	0.748	0.801	0.679	0.517	0.818	22	74	17	17	0.773	0.23	0/25 0/5 1/9 0/4 1/7 9/16 6/8	0/0 0/0 1/1 0/1 0/0 10/11 6/9	22	74	22	24	1.0	0.324	0/25 0/5 2/9 1/4 3/7 10/16 8/8	0/0 0/0 1/1 1/1 0/0 11/11 9/9	22	74	13	13	0.591	0.176	0/25 0/5 0/9 0/4 0/7 7/16 6/8	0/0 0/0 0/1 0/1 0/0 7/11 6/9	22	74	17	17	0.773	0.23	0/25 0/5 1/9 0/4 1/7 9/16 6/8	0/0 0/0 1/1 0/1 0/0 10/11 6/9	81	16	16	0.727	0.198	68	17	17	0.773	0.25
MboI	control	f1.0	1.0	bicseq2	3.0	k562/control/f1.0_1.0/bicseq_lambda3.seg	0.436	0.63	0.436	0.63	0.437	0.618	0.733	0.627	0.43	0.74	13	74	11	11	0.846	0.149	0/25 0/5 1/9 0/4 1/7 5/16 4/8	0/0 0/0 1/1 0/1 0/0 6/6 4/5	13	74	13	15	1.0	0.203	0/25 0/5 2/9 1/4 2/7 5/16 5/8	0/0 0/0 1/1 1/1 0/0 6/6 5/5	13	74	7	7	0.538	0.095	0/25 0/5 0/9 0/4 0/7 3/16 4/8	0/0 0/0 0/1 0/1 0/0 3/6 4/5	13	74	11	11	0.846	0.149	0/25 0/5 1/9 0/4 1/7 5/16 4/8	0/0 0/0 1/1 0/1 0/0 6/6 4/5	81	10	10	0.769	0.123	68	11	11	0.846	0.162
MboI	combined	f0.3+mean	3.0	bicseq2	3.0	k562/combined/f0.3+mean_3/bicseq_lambda3.seg	0.645	0.81	0.644	0.807	0.646	0.808	0.817	0.665	0.585	0.859	25	74	19	19	0.76	0.257	0/25 0/5 1/9 1/4 1/7 10/16 6/8	0/1 0/0 1/1 0/1 1/1 11/12 6/9	25	74	24	26	0.96	0.351	0/25 0/5 2/9 2/4 3/7 11/16 8/8	0/1 0/0 1/1 1/1 1/1 12/12 9/9	25	74	14	14	0.56	0.189	0/25 0/5 0/9 0/4 0/7 8/16 6/8	0/1 0/0 0/1 0/1 0/1 8/12 6/9	25	74	19	19	0.76	0.257	0/25 0/5 1/9 1/4 1/7 10/16 6/8	0/1 0/0 1/1 0/1 1/1 11/12 6/9	81	18	18	0.72	0.222	68	19	19	0.76	0.279
MboI	combined	f0.3+mean	5.0	bicseq2	3.0	k562/combined/f0.3+mean_5/bicseq_lambda3.seg	0.645	0.819	0.644	0.817	0.646	0.815	0.826	0.677	0.582	0.858	26	74	21	21	0.808	0.284	0/25 0/5 1/9 1/4 1/7 11/16 7/8	0/1 0/0 1/1 0/1 1/1 12/13 7/9	26	74	25	27	0.962	0.365	0/25 0/5 2/9 2/4 3/7 12/16 8/8	0/1 0/0 1/1 1/1 1/1 13/13 9/9	26	74	16	16	0.615	0.216	0/25 0/5 0/9 0/4 0/7 9/16 7/8	0/1 0/0 0/1 0/1 0/1 9/13 7/9	26	74	21	21	0.808	0.284	0/25 0/5 1/9 1/4 1/7 11/16 7/8	0/1 0/0 1/1 0/1 1/1 12/13 7/9	81	20	20	0.769	0.247	68	21	21	0.808	0.309
MboI	combined	f0.3+mean	7.0	bicseq2	3.0	k562/combined/f0.3+mean_7/bicseq_lambda3.seg	0.641	0.821	0.64	0.819	0.641	0.817	0.824	0.701	0.576	0.859	26	74	21	21	0.808	0.284	0/25 0/5 1/9 1/4 1/7 11/16 7/8	0/1 0/0 1/1 0/1 1/1 12/13 7/9	26	74	25	27	0.962	0.365	0/25 0/5 2/9 2/4 3/7 12/16 8/8	0/1 0/0 1/1 1/1 1/1 13/13 9/9	26	74	16	16	0.615	0.216	0/25 0/5 0/9 0/4 0/7 9/16 7/8	0/1 0/0 0/1 0/1 0/1 9/13 7/9	26	74	21	21	0.808	0.284	0/25 0/5 1/9 1/4 1/7 11/16 7/8	0/1 0/0 1/1 0/1 1/1 12/13 7/9	81	20	20	0.769	0.247	68	21	21	0.808	0.309
MboI	combined	f0.3+mean	9.0	bicseq2	3.0	k562/combined/f0.3+mean_9/bicseq_lambda3.seg	0.631	0.817	0.63	0.815	0.632	0.814	0.824	0.7	0.564	0.86	27	74	21	21	0.778	0.284	0/25 0/5 1/9 1/4 1/7 11/16 7/8	0/1 0/0 1/1 0/1 1/1 12/13 7/10	27	74	26	28	0.963	0.378	0/25 0/5 2/9 2/4 3/7 13/16 8/8	0/1 0/0 1/1 1/1 1/1 13/13 10/10	27	74	16	16	0.593	0.216	0/25 0/5 0/9 0/4 0/7 9/16 7/8	0/1 0/0 0/1 0/1 0/1 9/13 7/10	27	74	21	21	0.778	0.284	0/25 0/5 1/9 1/4 1/7 11/16 7/8	0/1 0/0 1/1 0/1 1/1 12/13 7/10	81	20	20	0.741	0.247	68	21	21	0.778	0.309
MboI	complete	none	0.0	cbs_sdundo		k562/complete/none_0/cbs_alpha0.01_sdundo3.seg	0.685	0.767	0.684	0.773	0.684	0.762	0.791	0.627	0.757	0.827	400	74	37	37	0.092	0.5	13/25 4/5 5/9 3/4 2/7 9/16 1/8	14/227 3/40 5/58 3/33 6/28 6/14 0/0	400	74	54	51	0.135	0.689	15/25 4/5 6/9 3/4 4/7 14/16 5/8	15/227 4/40 6/58 5/33 15/28 9/14 0/0	400	74	28	28	0.07	0.378	13/25 2/5 4/9 3/4 2/7 4/16 0/8	13/227 2/40 4/58 3/33 3/28 3/14 0/0	400	74	37	37	0.092	0.5	13/25 4/5 5/9 3/4 2/7 9/16 1/8	14/227 3/40 5/58 3/33 6/28 6/14 0/0	81	38	38	0.095	0.469	68	34	34	0.085	0.5
MboI	complete	mean	3.0	cbs_sdundo		k562/complete/mean_3/cbs_alpha0.01_sdundo3.seg	0.691	0.685	0.692	0.691	0.69	0.679	0.733	0.57	0.752	0.843	1595	74	20	20	0.013	0.27	12/25 2/5 5/9 0/4 0/7 1/16 0/8	13/1148 1/251 5/166 0/23 0/3 1/3 0/1	1595	74	32	33	0.02	0.446	15/25 4/5 7/9 1/4 3/7 2/16 1/8	17/1148 2/251 8/166 3/23 0/3 1/3 1/1	1595	74	12	12	0.008	0.162	7/25 0/5 4/9 0/4 0/7 1/16 0/8	7/1148 0/251 4/166 0/23 0/3 1/3 0/1	1595	74	20	20	0.013	0.27	12/25 2/5 5/9 0/4 0/7 1/16 0/8	13/1148 1/251 5/166 0/23 0/3 1/3 0/1	81	21	21	0.013	0.259	68	18	18	0.011	0.265
MboI	complete	mean	5.0	cbs_sdundo		k562/complete/mean_5/cbs_alpha0.01_sdundo3.seg	0.714	0.68	0.714	0.686	0.713	0.674	0.724	0.564	0.753	0.843	2306	74	20	20	0.009	0.27	11/25 3/5 5/9 1/4 0/7 0/16 0/8	13/1846 3/314 4/134 0/9 0/2 0/1 0/0	2306	74	29	29	0.013	0.392	16/25 4/5 8/9 1/4 0/7 0/16 0/8	19/1846 5/314 4/134 1/9 0/2 0/1 0/0	2306	74	9	9	0.004	0.122	5/25 1/5 3/9 0/4 0/7 0/16 0/8	6/1846 1/314 2/134 0/9 0/2 0/1 0/0	2306	74	20	20	0.009	0.27	11/25 3/5 5/9 1/4 0/7 0/16 0/8	13/1846 3/314 4/134 0/9 0/2 0/1 0/0	81	21	21	0.009	0.259	68	18	18	0.008	0.265
MboI	complete	mean	7.0	cbs_sdundo		k562/complete/mean_7/cbs_alpha0.01_sdundo3.seg	0.701	0.679	0.701	0.686	0.7	0.673	0.727	0.575	0.738	0.845	2662	74	13	13	0.005	0.176	7/25 2/5 4/9 0/4 0/7 0/16 0/8	8/2232 3/318 2/103 0/6 0/2 0/1 0/0	2662	74	31	30	0.012	0.405	15/25 5/5 8/9 1/4 0/7 1/16 0/8	20/2232 7/318 3/103 0/6 1/2 0/1 0/0	2662	74	9	9	0.003	0.122	5/25 2/5 2/9 0/4 0/7 0/16 0/8	6/2232 2/318 1/103 0/6 0/2 0/1 0/0	2662	74	13	13	0.005	0.176	7/25 2/5 4/9 0/4 0/7 0/16 0/8	8/2232 3/318 2/103 0/6 0/2 0/1 0/0	81	13	13	0.005	0.16	68	12	12	0.005	0.176
MboI	complete	mean	9.0	cbs_sdundo		k562/complete/mean_9/cbs_alpha0.01_sdundo3.seg	0.684	0.678	0.684	0.685	0.683	0.672	0.721	0.57	0.718	0.845	2909	74	10	10	0.003	0.135	5/25 2/5 3/9 0/4 0/7 0/16 0/8	6/2492 3/303 1/106 0/5 0/2 0/1 0/0	2909	74	27	27	0.009	0.365	13/25 5/5 7/9 1/4 0/7 1/16 0/8	16/2492 9/303 1/106 0/5 1/2 0/1 0/0	2909	74	5	5	0.002	0.068	3/25 1/5 1/9 0/4 0/7 0/16 0/8	4/2492 1/303 0/106 0/5 0/2 0/1 0/0	2909	74	10	10	0.003	0.135	5/25 2/5 3/9 0/4 0/7 0/16 0/8	6/2492 3/303 1/106 0/5 0/2 0/1 0/0	81	10	10	0.003	0.123	68	8	8	0.003	0.118
MboI	complete	mean	11.0	cbs_sdundo		k562/complete/mean_11/cbs_alpha0.01_sdundo3.seg	0.673	0.682	0.673	0.688	0.672	0.676	0.721	0.57	0.704	0.844	3153	74	11	11	0.003	0.149	6/25 2/5 3/9 0/4 0/7 0/16 0/8	7/2737 3/322 1/88 0/4 0/1 0/1 0/0	3153	74	22	21	0.007	0.284	11/25 4/5 5/9 1/4 0/7 0/16 0/8	14/2737 7/322 1/88 0/4 0/1 0/1 0/0	3153	74	4	4	0.001	0.054	2/25 1/5 1/9 0/4 0/7 0/16 0/8	3/2737 1/322 0/88 0/4 0/1 0/1 0/0	3153	74	11	11	0.003	0.149	6/25 2/5 3/9 0/4 0/7 0/16 0/8	7/2737 3/322 1/88 0/4 0/1 0/1 0/0	81	12	12	0.004	0.148	68	9	9	0.003	0.132
MboI	complete	mean	21.0	cbs_sdundo		k562/complete/mean_21/cbs_alpha0.01_sdundo3.seg	0.654	0.702	0.654	0.709	0.653	0.695	0.73	0.588	0.677	0.846	3613	74	5	5	0.001	0.068	3/25 0/5 2/9 0/4 0/7 0/16 0/8	3/3192 1/350 1/67 0/3 0/0 0/1 0/0	3613	74	18	18	0.005	0.243	8/25 2/5 8/9 0/4 0/7 0/16 0/8	12/3192 5/350 1/67 0/3 0/0 0/1 0/0	3613	74	2	2	0.001	0.027	2/25 0/5 0/9 0/4 0/7 0/16 0/8	2/3192 0/350 0/67 0/3 0/0 0/1 0/0	3613	74	5	5	0.001	0.068	3/25 0/5 2/9 0/4 0/7 0/16 0/8	3/3192 1/350 1/67 0/3 0/0 0/1 0/0	81	5	5	0.001	0.062	68	5	5	0.001	0.074
MboI	complete	mean	41.0	cbs_sdundo		k562/complete/mean_41/cbs_alpha0.01_sdundo3.seg	0.609	0.73	0.609	0.737	0.608	0.721	0.747	0.605	0.621	0.842	3636	74	5	5	0.001	0.068	2/25 1/5 1/9 1/4 0/7 0/16 0/8	3/3207 1/358 1/68 0/2 0/1 0/0 0/0	3636	74	23	19	0.006	0.257	6/25 4/5 7/9 2/4 0/7 0/16 0/8	15/3207 6/358 2/68 0/2 0/1 0/0 0/0	3636	74	1	1	0.0	0.014	0/25 1/5 0/9 0/4 0/7 0/16 0/8	1/3207 0/358 0/68 0/2 0/1 0/0 0/0	3636	74	6	6	0.002	0.081	3/25 1/5 1/9 1/4 0/7 0/16 0/8	4/3207 1/358 1/68 0/2 0/1 0/0 0/0	81	5	5	0.001	0.062	68	3	3	0.001	0.044
MboI	complete	mean	3.0	bicseq2	0.5	k562/complete/mean_3/bicseq_lambda0.5.seg	0.808	0.834	0.807	0.842	0.807	0.823	0.827	0.69	0.752	0.843	86	74	43	43	0.5	0.581	9/25 3/5 5/9 3/4 1/7 14/16 8/8	9/29 3/4 5/11 4/12 2/5 15/19 5/6	86	74	50	48	0.581	0.649	11/25 3/5 5/9 3/4 3/7 15/16 8/8	10/29 3/4 6/11 5/12 2/5 18/19 6/6	86	74	32	32	0.372	0.432	6/25 2/5 5/9 3/4 0/7 12/16 4/8	6/29 2/4 5/11 3/12 2/5 10/19 4/6	86	74	43	43	0.5	0.581	9/25 3/5 5/9 3/4 1/7 14/16 8/8	9/29 3/4 5/11 4/12 2/5 15/19 5/6	81	42	42	0.488	0.519	68	42	42	0.488	0.618
MboI	complete	mean	5.0	bicseq2	0.5	k562/complete/mean_5/bicseq_lambda0.5.seg	0.799	0.823	0.799	0.833	0.799	0.823	0.829	0.691	0.753	0.843	94	74	37	37	0.394	0.5	6/25 2/5 5/9 3/4 1/7 14/16 6/8	6/27 1/3 6/12 4/13 2/12 14/22 4/5	94	74	49	47	0.521	0.635	11/25 2/5 5/9 3/4 3/7 15/16 8/8	10/27 1/3 7/12 5/13 2/12 19/22 5/5	94	74	26	26	0.277	0.351	2/25 1/5 5/9 3/4 0/7 12/16 3/8	2/27 0/3 6/12 3/13 2/12 10/22 3/5	94	74	37	37	0.394	0.5	6/25 2/5 5/9 3/4 1/7 14/16 6/8	6/27 1/3 6/12 4/13 2/12 14/22 4/5	81	37	37	0.394	0.457	68	37	37	0.394	0.544
MboI	complete	mean	7.0	bicseq2	0.5	k562/complete/mean_7/bicseq_lambda0.5.seg	0.782	0.814	0.781	0.823	0.781	0.813	0.825	0.691	0.738	0.845	103	74	32	32	0.311	0.432	2/25 3/5 5/9 3/4 1/7 13/16 5/8	2/20 2/6 6/13 4/19 2/15 13/27 3/3	103	74	46	45	0.447	0.608	7/25 3/5 5/9 3/4 4/7 15/16 8/8	6/20 2/6 7/13 5/19 3/15 20/27 3/3	103	74	24	24	0.233	0.324	1/25 2/5 4/9 3/4 0/7 12/16 2/8	1/20 1/6 5/13 3/19 2/15 10/27 2/3	103	74	33	33	0.32	0.446	2/25 3/5 5/9 3/4 1/7 14/16 5/8	2/20 2/6 6/13 4/19 2/15 14/27 3/3	81	32	32	0.311	0.395	68	31	31	0.301	0.456
MboI	complete	mean	9.0	bicseq2	0.5	k562/complete/mean_9/bicseq_lambda0.5.seg	0.768	0.803	0.768	0.812	0.768	0.8	0.818	0.683	0.718	0.845	106	74	34	34	0.321	0.459	2/25 4/5 5/9 3/4 1/7 14/16 5/8	2/13 3/10 5/13 5/22 3/18 13/27 3/3	106	74	48	46	0.453	0.622	5/25 4/5 5/9 3/4 5/7 16/16 8/8	4/13 3/10 6/13 7/22 4/18 21/27 3/3	106	74	22	22	0.208	0.297	0/25 3/5 4/9 3/4 0/7 10/16 2/8	0/13 2/10 4/13 4/22 2/18 8/27 2/3	106	74	35	35	0.33	0.473	2/25 4/5 5/9 3/4 1/7 15/16 5/8	2/13 3/10 5/13 5/22 3/18 14/27 3/3	81	34	34	0.321	0.42	68	32	32	0.302	0.471
MboI	complete	mean	11.0	bicseq2	0.5	k562/complete/mean_11/bicseq_lambda0.5.seg	0.759	0.799	0.759	0.808	0.758	0.797	0.813	0.683	0.704	0.844	115	74	34	34	0.296	0.459	1/25 3/5 5/9 3/4 1/7 15/16 6/8	1/13 2/9 5/18 5/27 3/15 15/30 3/3	115	74	48	45	0.417	0.608	4/25 4/5 5/9 3/4 5/7 16/16 8/8	3/13 3/9 6/18 7/27 4/15 22/30 3/3	115	74	24	24	0.209	0.324	0/25 3/5 5/9 3/4 0/7 11/16 2/8	0/13 2/9 5/18 4/27 2/15 9/30 2/3	115	74	34	34	0.296	0.459	1/25 3/5 5/9 3/4 1/7 15/16 6/8	1/13 2/9 5/18 5/27 3/15 15/30 3/3	81	35	35	0.304	0.432	68	32	32	0.278	0.471
MboI	complete	mean	21.0	bicseq2	0.5	k562/complete/mean_21/bicseq_lambda0.5.seg	0.723	0.783	0.723	0.791	0.722	0.775	0.797	0.654	0.677	0.846	133	74	32	32	0.241	0.432	0/25 2/5 4/9 3/4 2/7 14/16 7/8	0/7 0/16 6/24 3/36 6/22 14/25 3/3	133	74	47	41	0.353	0.554	2/25 2/5 4/9 3/4 6/7 16/16 8/8	0/7 2/16 7/24 7/36 8/22 20/25 3/3	133	74	15	15	0.113	0.203	0/25 0/5 2/9 3/4 1/7 7/16 2/8	0/7 0/16 3/24 2/36 2/22 6/25 2/3	133	74	32	32	0.241	0.432	0/25 2/5 4/9 3/4 2/7 14/16 7/8	0/7 0/16 6/24 3/36 6/22 14/25 3/3	81	35	35	0.263	0.432	68	30	30	0.226	0.441
MboI	complete	mean	41.0	bicseq2	0.5	k562/complete/mean_41/bicseq_lambda0.5.seg	0.652	0.803	0.652	0.811	0.652	0.794	0.802	0.653	0.621	0.842	126	74	29	29	0.23	0.392	0/25 0/5 3/9 4/4 3/7 14/16 5/8	0/2 1/4 1/27 4/39 8/25 13/26 2/3	126	74	44	40	0.349	0.541	0/25 2/5 5/9 4/4 7/7 15/16 7/8	0/2 1/4 4/27 9/39 10/25 18/26 2/3	126	74	14	14	0.111	0.189	0/25 0/5 0/9 2/4 2/7 8/16 2/8	0/2 0/4 0/27 2/39 3/25 7/26 2/3	126	74	29	29	0.23	0.392	0/25 0/5 3/9 4/4 3/7 14/16 5/8	0/2 1/4 1/27 4/39 8/25 13/26 2/3	81	31	31	0.246	0.383	68	27	27	0.214	0.397
