setting	w	lambda	PCC	SCC	bin_PCC	bin_SCC	depmap_calls	depmap_ref	depmap_hits	depmap_P	depmap_R	depmap_size	hint_supported	hint_supported_frac	hint_large_supported	hint_large_frac
complete	0	1	0.098	0.74	-0.032	0.715	70	441	23	0.329	0.052	2/322 1/11 1/37 4/20 3/25 9/21 3/5	23/70	0.329	19/50	0.38
complete	0	2	0.095	0.735	-0.032	0.715	50	441	19	0.38	0.043	0/322 1/11 0/37 4/20 3/25 8/21 3/5	19/50	0.38	18/41	0.439
complete	0	3	0.12	0.718	-0.032	0.715	40	441	16	0.4	0.036	0/322 1/11 0/37 1/20 3/25 8/21 3/5	16/40	0.4	15/34	0.441
complete	3	3	0.129	0.724	0.006	0.74	38	441	16	0.421	0.036	0/322 1/11 0/37 1/20 3/25 8/21 3/5	16/38	0.421	15/31	0.484
complete	5	3	0.142	0.716	0.024	0.739	35	441	16	0.457	0.036	0/322 1/11 0/37 1/20 3/25 8/21 3/5	16/35	0.457	16/31	0.516
complete	7	3	0.158	0.695	0.022	0.733	34	441	15	0.441	0.034	0/322 0/11 0/37 1/20 3/25 8/21 3/5	15/34	0.441	15/31	0.484
complete	9	3	0.36	0.67	0.026	0.726	35	441	15	0.429	0.034	0/322 0/11 0/37 1/20 3/25 8/21 3/5	15/35	0.429	15/33	0.455
complete	11	3	0.371	0.675	0.034	0.729	36	441	16	0.444	0.036	0/322 0/11 0/37 2/20 3/25 8/21 3/5	16/36	0.444	16/34	0.471
complete	21	3	0.441	0.67	0.063	0.715	34	441	16	0.471	0.036	0/322 1/11 0/37 2/20 2/25 8/21 3/5	16/34	0.471	15/30	0.5
complete	41	3	0.53	0.747	0.288	0.688	31	441	14	0.452	0.032	0/322 0/11 0/37 3/20 2/25 6/21 3/5	14/31	0.452	14/30	0.467
intra	0	1	0.09	0.718	-0.061	0.682	61	441	21	0.344	0.048	0/322 1/11 1/37 4/20 3/25 9/21 3/5	21/61	0.344	19/46	0.413
intra	0	2	0.083	0.707	-0.061	0.682	47	441	17	0.362	0.039	0/322 1/11 0/37 2/20 3/25 8/21 3/5	17/47	0.362	16/39	0.41
intra	0	3	0.132	0.691	-0.061	0.682	35	441	16	0.457	0.036	0/322 1/11 0/37 1/20 3/25 8/21 3/5	16/35	0.457	15/31	0.484
intra	3	3	0.136	0.695	-0.002	0.704	34	441	16	0.471	0.036	0/322 1/11 0/37 1/20 3/25 8/21 3/5	16/34	0.471	15/31	0.484
intra	5	3	0.147	0.664	0.015	0.694	34	441	16	0.471	0.036	0/322 1/11 0/37 1/20 3/25 8/21 3/5	16/34	0.471	15/30	0.5
intra	7	3	0.164	0.657	0.024	0.686	34	441	16	0.471	0.036	0/322 1/11 0/37 1/20 3/25 8/21 3/5	16/34	0.471	16/32	0.5
intra	9	3	0.176	0.649	0.033	0.678	34	441	16	0.471	0.036	0/322 1/11 0/37 1/20 3/25 8/21 3/5	16/34	0.471	16/32	0.5
intra	11	3	0.357	0.651	0.038	0.678	35	441	15	0.429	0.034	0/322 0/11 0/37 1/20 3/25 8/21 3/5	15/35	0.429	15/34	0.441
intra	21	3	0.401	0.651	0.067	0.669	32	441	14	0.438	0.032	0/322 0/11 0/37 1/20 2/25 8/21 3/5	14/32	0.438	14/29	0.483
intra	41	3	0.463	0.648	0.257	0.66	31	441	13	0.419	0.029	0/322 0/11 0/37 1/20 1/25 8/21 3/5	13/31	0.419	13/30	0.433
