excluded	setting	method	param	lambda	seg	array_PCC	array_SCC	array_bin_PCC	array_bin_SCC	arraystate_calls	arraystate_ref	arraystate_hits	arraystate_P	arraystate_R	arraystate_size	arraystate_rep2_calls	arraystate_rep2_ref	arraystate_rep2_hits	arraystate_rep2_P	arraystate_rep2_R	arraystate_rep2_size	logR0.3_calls	logR0.3_ref	logR0.3_hits	logR0.3_P	logR0.3_R	logR0.3_size	depmap_PCC	depmap_SCC	depmap_bin_PCC	depmap_bin_SCC	depmap_calls	depmap_ref	depmap_hits	depmap_P	depmap_R	depmap_size	hint_supported	hint_supported_frac	hint_large_supported	hint_large_frac	absent_chromosomes
True	complete	none	0	0.5	output/panc1/excl/complete/none_0/bicseq_lambda0.5.seg	0.695	0.651	0.583	0.641	41	145	15	0.366	0.103	0/105 2/6 2/10 1/5 3/10 5/7 2/2	41	75	9	0.22	0.12	0/43 0/4 1/6 1/6 1/8 4/6 2/2	41	231	5	0.122	0.022	2/190 1/8 1/22 0/3 0/3 1/4 0/1	0.673	0.796	0.534	0.758	41	441	26	0.634	0.059	1/322 3/11 2/37 6/20 3/25 8/21 3/5	26/41	0.634	22/32	0.688	none
True	complete	none	0	1.0	output/panc1/excl/complete/none_0/bicseq_lambda1.seg	0.695	0.655	0.583	0.641	32	145	11	0.344	0.076	0/105 2/6 0/10 1/5 2/10 4/7 2/2	32	75	8	0.25	0.107	0/43 0/4 0/6 1/6 1/8 4/6 2/2	32	231	3	0.094	0.013	1/190 1/8 0/22 0/3 0/3 1/4 0/1	0.665	0.765	0.534	0.758	32	441	19	0.594	0.043	0/322 2/11 0/37 4/20 2/25 8/21 3/5	19/32	0.594	17/26	0.654	none
True	complete	none	0	1.5	output/panc1/excl/complete/none_0/bicseq_lambda1.5.seg	0.7	0.67	0.583	0.641	29	145	10	0.345	0.069	0/105 1/6 0/10 1/5 2/10 4/7 2/2	29	75	8	0.276	0.107	0/43 0/4 0/6 1/6 1/8 4/6 2/2	29	231	2	0.069	0.009	1/190 0/8 0/22 0/3 0/3 1/4 0/1	0.621	0.757	0.534	0.758	29	441	18	0.621	0.041	0/322 1/11 0/37 4/20 2/25 8/21 3/5	18/29	0.621	17/26	0.654	none
True	complete	none	0	2.0	output/panc1/excl/complete/none_0/bicseq_lambda2.seg	0.7	0.66	0.583	0.641	28	145	10	0.357	0.069	0/105 1/6 0/10 1/5 2/10 4/7 2/2	28	75	7	0.25	0.093	0/43 0/4 0/6 1/6 1/8 3/6 2/2	28	231	2	0.071	0.009	1/190 0/8 0/22 0/3 0/3 1/4 0/1	0.618	0.758	0.534	0.758	28	441	18	0.643	0.041	0/322 1/11 0/37 4/20 2/25 8/21 3/5	18/28	0.643	17/25	0.68	none
True	complete	none	0	2.5	output/panc1/excl/complete/none_0/bicseq_lambda2.5.seg	0.697	0.653	0.583	0.641	25	145	9	0.36	0.062	0/105 1/6 0/10 1/5 1/10 4/7 2/2	25	75	6	0.24	0.08	0/43 0/4 0/6 1/6 0/8 3/6 2/2	25	231	2	0.08	0.009	1/190 0/8 0/22 0/3 0/3 1/4 0/1	0.613	0.757	0.534	0.758	25	441	16	0.64	0.036	0/322 1/11 0/37 3/20 2/25 8/21 2/5	16/25	0.64	15/22	0.682	none
True	complete	none	0	3.0	output/panc1/excl/complete/none_0/bicseq_lambda3.seg	0.694	0.628	0.583	0.641	24	145	9	0.375	0.062	0/105 1/6 0/10 1/5 1/10 4/7 2/2	24	75	6	0.25	0.08	0/43 0/4 0/6 1/6 0/8 3/6 2/2	24	231	2	0.083	0.009	1/190 0/8 0/22 0/3 0/3 1/4 0/1	0.612	0.752	0.534	0.758	24	441	15	0.625	0.034	0/322 1/11 0/37 2/20 2/25 8/21 2/5	15/24	0.625	14/21	0.667	none
True	complete	none	0	4.0	output/panc1/excl/complete/none_0/bicseq_lambda4.seg	0.697	0.637	0.583	0.641	22	145	9	0.409	0.062	0/105 1/6 0/10 1/5 1/10 4/7 2/2	22	75	6	0.273	0.08	0/43 0/4 0/6 1/6 0/8 3/6 2/2	22	231	2	0.091	0.009	1/190 0/8 0/22 0/3 0/3 1/4 0/1	0.632	0.739	0.534	0.758	22	441	14	0.636	0.032	0/322 1/11 0/37 1/20 2/25 7/21 3/5	14/22	0.636	13/20	0.65	none
True	complete	none	0	5.0	output/panc1/excl/complete/none_0/bicseq_lambda5.seg	0.697	0.637	0.583	0.641	22	145	9	0.409	0.062	0/105 1/6 0/10 1/5 1/10 4/7 2/2	22	75	6	0.273	0.08	0/43 0/4 0/6 1/6 0/8 3/6 2/2	22	231	2	0.091	0.009	1/190 0/8 0/22 0/3 0/3 1/4 0/1	0.632	0.739	0.534	0.758	22	441	14	0.636	0.032	0/322 1/11 0/37 1/20 2/25 7/21 3/5	14/22	0.636	13/20	0.65	none
True	complete	mean	3	0.5	output/panc1/excl/complete/mean_3/bicseq_lambda0.5.seg	0.682	0.689	0.65	0.668	45	145	15	0.333	0.103	0/105 2/6 2/10 1/5 3/10 5/7 2/2	45	75	9	0.2	0.12	0/43 0/4 1/6 1/6 1/8 4/6 2/2	45	231	5	0.111	0.022	2/190 1/8 1/22 0/3 0/3 1/4 0/1	0.62	0.791	0.597	0.775	45	441	27	0.6	0.061	0/322 3/11 2/37 6/20 3/25 9/21 4/5	27/45	0.6	25/38	0.658	none
True	complete	mean	3	1.0	output/panc1/excl/complete/mean_3/bicseq_lambda1.seg	0.683	0.702	0.65	0.668	35	145	12	0.343	0.083	0/105 2/6 0/10 1/5 2/10 5/7 2/2	35	75	8	0.229	0.107	0/43 0/4 0/6 1/6 1/8 4/6 2/2	35	231	3	0.086	0.013	1/190 1/8 0/22 0/3 0/3 1/4 0/1	0.619	0.789	0.597	0.775	35	441	20	0.571	0.045	0/322 2/11 0/37 4/20 2/25 8/21 4/5	20/35	0.571	19/32	0.594	none
True	complete	mean	3	2.0	output/panc1/excl/complete/mean_3/bicseq_lambda2.seg	0.688	0.713	0.65	0.668	32	145	11	0.344	0.076	0/105 1/6 0/10 1/5 2/10 5/7 2/2	32	75	8	0.25	0.107	0/43 0/4 0/6 1/6 1/8 4/6 2/2	32	231	2	0.062	0.009	1/190 0/8 0/22 0/3 0/3 1/4 0/1	0.617	0.794	0.597	0.775	32	441	19	0.594	0.043	0/322 1/11 0/37 4/20 2/25 8/21 4/5	19/32	0.594	18/30	0.6	none
True	complete	mean	3	3.0	output/panc1/excl/complete/mean_3/bicseq_lambda3.seg	0.684	0.686	0.65	0.668	30	145	9	0.3	0.062	0/105 1/6 0/10 1/5 1/10 4/7 2/2	30	75	6	0.2	0.08	0/43 0/4 0/6 1/6 0/8 3/6 2/2	30	231	2	0.067	0.009	1/190 0/8 0/22 0/3 0/3 1/4 0/1	0.605	0.779	0.597	0.775	30	441	17	0.567	0.039	0/322 1/11 0/37 3/20 2/25 8/21 3/5	17/30	0.567	16/28	0.571	none
True	complete	mean	5	0.5	output/panc1/excl/complete/mean_5/bicseq_lambda0.5.seg	0.693	0.69	0.662	0.674	47	145	15	0.319	0.103	0/105 2/6 2/10 1/5 3/10 5/7 2/2	47	75	9	0.191	0.12	0/43 0/4 1/6 1/6 1/8 4/6 2/2	47	231	5	0.106	0.022	2/190 1/8 1/22 0/3 0/3 1/4 0/1	0.624	0.795	0.599	0.776	47	441	27	0.574	0.061	0/322 3/11 2/37 6/20 3/25 9/21 4/5	27/47	0.574	25/40	0.625	none
True	complete	mean	5	1.0	output/panc1/excl/complete/mean_5/bicseq_lambda1.seg	0.692	0.696	0.662	0.674	36	145	12	0.333	0.083	0/105 2/6 0/10 1/5 2/10 5/7 2/2	36	75	8	0.222	0.107	0/43 0/4 0/6 1/6 1/8 4/6 2/2	36	231	2	0.056	0.009	0/190 1/8 0/22 0/3 0/3 1/4 0/1	0.621	0.782	0.599	0.776	36	441	20	0.556	0.045	0/322 2/11 0/37 4/20 2/25 8/21 4/5	20/36	0.556	20/35	0.571	none
True	complete	mean	5	2.0	output/panc1/excl/complete/mean_5/bicseq_lambda2.seg	0.695	0.704	0.662	0.674	34	145	11	0.324	0.076	0/105 1/6 0/10 1/5 2/10 5/7 2/2	34	75	8	0.235	0.107	0/43 0/4 0/6 1/6 1/8 4/6 2/2	34	231	1	0.029	0.004	0/190 0/8 0/22 0/3 0/3 1/4 0/1	0.621	0.784	0.599	0.776	34	441	19	0.559	0.043	0/322 1/11 0/37 4/20 2/25 8/21 4/5	19/34	0.559	19/33	0.576	none
True	complete	mean	5	3.0	output/panc1/excl/complete/mean_5/bicseq_lambda3.seg	0.696	0.695	0.662	0.674	33	145	10	0.303	0.069	0/105 1/6 0/10 1/5 2/10 4/7 2/2	33	75	7	0.212	0.093	0/43 0/4 0/6 1/6 1/8 3/6 2/2	33	231	1	0.03	0.004	0/190 0/8 0/22 0/3 0/3 1/4 0/1	0.614	0.759	0.599	0.776	33	441	18	0.545	0.041	0/322 1/11 0/37 4/20 2/25 8/21 3/5	18/33	0.545	18/32	0.562	none
True	complete	mean	7	0.5	output/panc1/excl/complete/mean_7/bicseq_lambda0.5.seg	0.681	0.681	0.654	0.672	51	145	15	0.294	0.103	0/105 2/6 2/10 1/5 3/10 5/7 2/2	51	75	9	0.176	0.12	0/43 0/4 1/6 1/6 1/8 4/6 2/2	51	231	5	0.098	0.022	2/190 1/8 1/22 0/3 0/3 1/4 0/1	0.616	0.782	0.596	0.771	51	441	29	0.569	0.066	0/322 3/11 2/37 6/20 3/25 10/21 5/5	29/51	0.569	27/44	0.614	none
True	complete	mean	7	1.0	output/panc1/excl/complete/mean_7/bicseq_lambda1.seg	0.687	0.689	0.654	0.672	40	145	12	0.3	0.083	0/105 2/6 0/10 1/5 2/10 5/7 2/2	40	75	8	0.2	0.107	0/43 0/4 0/6 1/6 1/8 4/6 2/2	40	231	2	0.05	0.009	0/190 1/8 0/22 0/3 0/3 1/4 0/1	0.618	0.789	0.596	0.771	40	441	21	0.525	0.048	0/322 1/11 0/37 4/20 3/25 9/21 4/5	21/40	0.525	21/39	0.538	none
True	complete	mean	7	2.0	output/panc1/excl/complete/mean_7/bicseq_lambda2.seg	0.689	0.689	0.654	0.672	36	145	11	0.306	0.076	0/105 1/6 0/10 1/5 2/10 5/7 2/2	36	75	8	0.222	0.107	0/43 0/4 0/6 1/6 1/8 4/6 2/2	36	231	1	0.028	0.004	0/190 0/8 0/22 0/3 0/3 1/4 0/1	0.616	0.78	0.596	0.771	36	441	18	0.5	0.041	0/322 0/11 0/37 4/20 2/25 8/21 4/5	18/36	0.5	18/35	0.514	none
True	complete	mean	7	3.0	output/panc1/excl/complete/mean_7/bicseq_lambda3.seg	0.689	0.671	0.654	0.672	34	145	10	0.294	0.069	0/105 1/6 0/10 1/5 2/10 4/7 2/2	34	75	7	0.206	0.093	0/43 0/4 0/6 1/6 1/8 3/6 2/2	34	231	1	0.029	0.004	0/190 0/8 0/22 0/3 0/3 1/4 0/1	0.609	0.75	0.596	0.771	34	441	17	0.5	0.039	0/322 0/11 0/37 4/20 2/25 8/21 3/5	17/34	0.5	17/33	0.515	none
True	complete	mean	9	0.5	output/panc1/excl/complete/mean_9/bicseq_lambda0.5.seg	0.679	0.678	0.647	0.671	59	145	15	0.254	0.103	0/105 2/6 2/10 1/5 3/10 5/7 2/2	59	75	11	0.186	0.147	0/43 0/4 2/6 1/6 2/8 4/6 2/2	59	231	6	0.102	0.026	2/190 1/8 2/22 0/3 0/3 1/4 0/1	0.614	0.774	0.593	0.768	59	441	32	0.542	0.073	0/322 3/11 4/37 7/20 3/25 10/21 5/5	32/59	0.542	30/51	0.588	none
True	complete	mean	9	1.0	output/panc1/excl/complete/mean_9/bicseq_lambda1.seg	0.684	0.682	0.647	0.671	42	145	12	0.286	0.083	0/105 2/6 0/10 1/5 2/10 5/7 2/2	42	75	8	0.19	0.107	0/43 0/4 0/6 1/6 1/8 4/6 2/2	42	231	2	0.048	0.009	0/190 1/8 0/22 0/3 0/3 1/4 0/1	0.618	0.777	0.593	0.768	42	441	21	0.5	0.048	0/322 1/11 0/37 4/20 3/25 9/21 4/5	21/42	0.5	21/41	0.512	none
True	complete	mean	9	2.0	output/panc1/excl/complete/mean_9/bicseq_lambda2.seg	0.686	0.68	0.647	0.671	38	145	11	0.289	0.076	0/105 1/6 0/10 1/5 2/10 5/7 2/2	38	75	8	0.211	0.107	0/43 0/4 0/6 1/6 1/8 4/6 2/2	38	231	1	0.026	0.004	0/190 0/8 0/22 0/3 0/3 1/4 0/1	0.614	0.762	0.593	0.768	38	441	18	0.474	0.041	0/322 0/11 0/37 4/20 2/25 8/21 4/5	18/38	0.474	18/37	0.486	none
True	complete	mean	9	3.0	output/panc1/excl/complete/mean_9/bicseq_lambda3.seg	0.687	0.657	0.647	0.671	34	145	10	0.294	0.069	0/105 1/6 0/10 1/5 2/10 4/7 2/2	34	75	7	0.206	0.093	0/43 0/4 0/6 1/6 1/8 3/6 2/2	34	231	1	0.029	0.004	0/190 0/8 0/22 0/3 0/3 1/4 0/1	0.606	0.733	0.593	0.768	34	441	17	0.5	0.039	0/322 0/11 0/37 4/20 2/25 8/21 3/5	17/34	0.5	17/33	0.515	none
True	complete	mean	11	0.5	output/panc1/excl/complete/mean_11/bicseq_lambda0.5.seg	0.678	0.661	0.644	0.668	61	145	17	0.279	0.117	0/105 2/6 3/10 2/5 3/10 5/7 2/2	61	75	14	0.23	0.187	0/43 0/4 3/6 2/6 3/8 4/6 2/2	61	231	6	0.098	0.026	1/190 1/8 3/22 0/3 0/3 1/4 0/1	0.613	0.773	0.591	0.768	61	441	35	0.574	0.079	0/322 3/11 4/37 7/20 6/25 10/21 5/5	35/61	0.574	33/54	0.611	none
True	complete	mean	11	1.0	output/panc1/excl/complete/mean_11/bicseq_lambda1.seg	0.677	0.659	0.644	0.668	45	145	12	0.267	0.083	0/105 2/6 0/10 1/5 2/10 5/7 2/2	45	75	8	0.178	0.107	0/43 0/4 0/6 1/6 1/8 4/6 2/2	45	231	2	0.044	0.009	0/190 1/8 0/22 0/3 0/3 1/4 0/1	0.611	0.767	0.591	0.768	45	441	23	0.511	0.052	0/322 1/11 0/37 4/20 3/25 10/21 5/5	23/45	0.511	23/43	0.535	none
True	complete	mean	11	2.0	output/panc1/excl/complete/mean_11/bicseq_lambda2.seg	0.683	0.663	0.644	0.668	38	145	11	0.289	0.076	0/105 1/6 0/10 1/5 2/10 5/7 2/2	38	75	8	0.211	0.107	0/43 0/4 0/6 1/6 1/8 4/6 2/2	38	231	1	0.026	0.004	0/190 0/8 0/22 0/3 0/3 1/4 0/1	0.613	0.753	0.591	0.768	38	441	18	0.474	0.041	0/322 0/11 0/37 4/20 2/25 8/21 4/5	18/38	0.474	18/37	0.486	none
True	complete	mean	11	3.0	output/panc1/excl/complete/mean_11/bicseq_lambda3.seg	0.683	0.656	0.644	0.668	35	145	11	0.314	0.076	0/105 1/6 0/10 1/5 2/10 5/7 2/2	35	75	7	0.2	0.093	0/43 0/4 0/6 1/6 1/8 3/6 2/2	35	231	1	0.029	0.004	0/190 0/8 0/22 0/3 0/3 1/4 0/1	0.608	0.737	0.591	0.768	35	441	17	0.486	0.039	0/322 0/11 0/37 4/20 2/25 8/21 3/5	17/35	0.486	17/34	0.5	none
True	complete	mean	21	0.5	output/panc1/excl/complete/mean_21/bicseq_lambda0.5.seg	0.684	0.673	0.653	0.672	69	145	15	0.217	0.103	0/105 1/6 3/10 2/5 2/10 5/7 2/2	69	75	15	0.217	0.2	0/43 0/4 3/6 2/6 4/8 4/6 2/2	69	231	4	0.058	0.017	0/190 0/8 3/22 0/3 0/3 1/4 0/1	0.614	0.76	0.595	0.766	69	441	34	0.493	0.077	0/322 2/11 4/37 7/20 7/25 10/21 4/5	34/69	0.493	33/59	0.559	none
True	complete	mean	21	1.0	output/panc1/excl/complete/mean_21/bicseq_lambda1.seg	0.682	0.652	0.653	0.672	54	145	13	0.241	0.09	0/105 1/6 1/10 2/5 2/10 5/7 2/2	54	75	11	0.204	0.147	0/43 0/4 1/6 2/6 2/8 4/6 2/2	54	231	2	0.037	0.009	0/190 0/8 1/22 0/3 0/3 1/4 0/1	0.615	0.756	0.595	0.766	54	441	27	0.5	0.061	0/322 0/11 1/37 6/20 6/25 10/21 4/5	27/54	0.5	27/50	0.54	none
True	complete	mean	21	2.0	output/panc1/excl/complete/mean_21/bicseq_lambda2.seg	0.687	0.679	0.653	0.672	38	145	11	0.289	0.076	0/105 1/6 0/10 1/5 2/10 5/7 2/2	38	75	8	0.211	0.107	0/43 0/4 0/6 1/6 1/8 4/6 2/2	38	231	1	0.026	0.004	0/190 0/8 0/22 0/3 0/3 1/4 0/1	0.612	0.763	0.595	0.766	38	441	18	0.474	0.041	0/322 0/11 0/37 4/20 2/25 8/21 4/5	18/38	0.474	18/37	0.486	none
True	complete	mean	21	3.0	output/panc1/excl/complete/mean_21/bicseq_lambda3.seg	0.685	0.66	0.653	0.672	35	145	11	0.314	0.076	0/105 1/6 0/10 1/5 2/10 5/7 2/2	35	75	7	0.2	0.093	0/43 0/4 0/6 1/6 1/8 3/6 2/2	35	231	1	0.029	0.004	0/190 0/8 0/22 0/3 0/3 1/4 0/1	0.608	0.753	0.595	0.766	35	441	18	0.514	0.041	0/322 0/11 0/37 4/20 2/25 8/21 4/5	18/35	0.514	18/35	0.514	none
True	complete	mean	41	0.5	output/panc1/excl/complete/mean_41/bicseq_lambda0.5.seg	0.676	0.652	0.655	0.685	65	145	14	0.215	0.097	0/105 1/6 2/10 2/5 1/10 6/7 2/2	65	75	14	0.215	0.187	0/43 0/4 2/6 3/6 1/8 6/6 2/2	65	231	3	0.046	0.013	0/190 0/8 2/22 0/3 0/3 1/4 0/1	0.606	0.736	0.583	0.765	65	441	31	0.477	0.07	0/322 0/11 3/37 6/20 7/25 11/21 4/5	32/65	0.492	31/56	0.554	chr2,chr5,chr11
True	complete	mean	41	1.0	output/panc1/excl/complete/mean_41/bicseq_lambda1.seg	0.684	0.637	0.655	0.685	48	145	12	0.25	0.083	0/105 1/6 1/10 2/5 1/10 5/7 2/2	48	75	12	0.25	0.16	0/43 0/4 1/6 2/6 2/8 5/6 2/2	48	231	2	0.042	0.009	0/190 0/8 1/22 0/3 0/3 1/4 0/1	0.606	0.736	0.583	0.765	48	441	25	0.521	0.057	0/322 0/11 1/37 5/20 6/25 9/21 4/5	26/48	0.542	25/46	0.543	chr2,chr5,chr11
True	complete	mean	41	2.0	output/panc1/excl/complete/mean_41/bicseq_lambda2.seg	0.687	0.644	0.655	0.685	35	145	10	0.286	0.069	0/105 1/6 0/10 1/5 1/10 5/7 2/2	35	75	9	0.257	0.12	0/43 0/4 0/6 1/6 1/8 5/6 2/2	35	231	1	0.029	0.004	0/190 0/8 0/22 0/3 0/3 1/4 0/1	0.601	0.722	0.583	0.765	35	441	19	0.543	0.043	0/322 0/11 0/37 3/20 3/25 9/21 4/5	19/35	0.543	19/35	0.543	chr2,chr5,chr11
True	complete	mean	41	3.0	output/panc1/excl/complete/mean_41/bicseq_lambda3.seg	0.682	0.641	0.655	0.685	31	145	10	0.323	0.069	0/105 1/6 0/10 1/5 1/10 5/7 2/2	31	75	7	0.226	0.093	0/43 0/4 0/6 1/6 1/8 3/6 2/2	31	231	1	0.032	0.004	0/190 0/8 0/22 0/3 0/3 1/4 0/1	0.599	0.722	0.583	0.765	31	441	17	0.548	0.039	0/322 0/11 0/37 2/20 3/25 8/21 4/5	17/31	0.548	17/31	0.548	chr2,chr5,chr11
True	complete	gaussian	3	3.0	output/panc1/excl/complete/gaussian_3/bicseq_lambda3.seg	0.68	0.674	0.646	0.664	30	145	9	0.3	0.062	0/105 1/6 0/10 1/5 1/10 4/7 2/2	30	75	6	0.2	0.08	0/43 0/4 0/6 1/6 0/8 3/6 2/2	30	231	2	0.067	0.009	1/190 0/8 0/22 0/3 0/3 1/4 0/1	0.614	0.768	0.602	0.776	30	441	17	0.567	0.039	0/322 1/11 0/37 3/20 2/25 8/21 3/5	17/30	0.567	16/28	0.571	none
True	complete	gaussian	5	3.0	output/panc1/excl/complete/gaussian_5/bicseq_lambda3.seg	0.696	0.69	0.657	0.668	33	145	10	0.303	0.069	0/105 1/6 0/10 1/5 2/10 4/7 2/2	33	75	7	0.212	0.093	0/43 0/4 0/6 1/6 1/8 3/6 2/2	33	231	1	0.03	0.004	0/190 0/8 0/22 0/3 0/3 1/4 0/1	0.615	0.774	0.602	0.776	33	441	18	0.545	0.041	0/322 1/11 0/37 4/20 2/25 8/21 3/5	18/33	0.545	18/32	0.562	none
True	complete	gaussian	7	3.0	output/panc1/excl/complete/gaussian_7/bicseq_lambda3.seg	0.683	0.652	0.646	0.665	34	145	10	0.294	0.069	0/105 1/6 0/10 1/5 2/10 4/7 2/2	34	75	7	0.206	0.093	0/43 0/4 0/6 1/6 1/8 3/6 2/2	34	231	1	0.029	0.004	0/190 0/8 0/22 0/3 0/3 1/4 0/1	0.61	0.744	0.599	0.773	34	441	18	0.529	0.041	0/322 1/11 0/37 4/20 2/25 8/21 3/5	18/34	0.529	18/33	0.545	none
True	complete	gaussian	9	3.0	output/panc1/excl/complete/gaussian_9/bicseq_lambda3.seg	0.678	0.642	0.642	0.664	34	145	11	0.324	0.076	0/105 1/6 0/10 1/5 2/10 5/7 2/2	34	75	7	0.206	0.093	0/43 0/4 0/6 1/6 1/8 3/6 2/2	34	231	1	0.029	0.004	0/190 0/8 0/22 0/3 0/3 1/4 0/1	0.61	0.739	0.596	0.77	34	441	17	0.5	0.039	0/322 0/11 0/37 4/20 2/25 8/21 3/5	17/34	0.5	17/34	0.5	none
True	complete	gaussian	11	3.0	output/panc1/excl/complete/gaussian_11/bicseq_lambda3.seg	0.672	0.651	0.635	0.663	35	145	11	0.314	0.076	0/105 1/6 0/10 1/5 2/10 5/7 2/2	35	75	7	0.2	0.093	0/43 0/4 0/6 1/6 1/8 3/6 2/2	35	231	1	0.029	0.004	0/190 0/8 0/22 0/3 0/3 1/4 0/1	0.61	0.753	0.592	0.768	35	441	18	0.514	0.041	0/322 0/11 0/37 4/20 2/25 8/21 4/5	18/35	0.514	18/35	0.514	none
True	complete	gaussian	21	3.0	output/panc1/excl/complete/gaussian_21/bicseq_lambda3.seg	0.64	0.599	0.616	0.66	35	145	11	0.314	0.076	0/105 1/6 0/10 1/5 2/10 5/7 2/2	35	75	7	0.2	0.093	0/43 0/4 0/6 1/6 1/8 3/6 2/2	35	231	1	0.029	0.004	0/190 0/8 0/22 0/3 0/3 1/4 0/1	0.594	0.717	0.577	0.763	35	441	18	0.514	0.041	0/322 0/11 0/37 4/20 2/25 8/21 4/5	18/35	0.514	18/35	0.514	chr5
True	complete	gaussian	41	3.0	output/panc1/excl/complete/gaussian_41/bicseq_lambda3.seg	0.674	0.666	0.594	0.665	29	145	10	0.345	0.069	0/105 1/6 0/10 1/5 1/10 5/7 2/2	29	75	6	0.207	0.08	0/43 0/4 0/6 1/6 0/8 3/6 2/2	29	231	1	0.034	0.004	0/190 0/8 0/22 0/3 0/3 1/4 0/1	0.611	0.727	0.553	0.759	29	441	16	0.552	0.036	0/322 0/11 0/37 2/20 2/25 8/21 4/5	16/29	0.552	16/29	0.552	chr2,chr5,chr6,chr11
True	complete	median	3	3.0	output/panc1/excl/complete/median_3/bicseq_lambda3.seg	0.675	0.677	0.631	0.66	31	145	9	0.29	0.062	0/105 1/6 0/10 1/5 1/10 4/7 2/2	31	75	6	0.194	0.08	0/43 0/4 0/6 1/6 0/8 3/6 2/2	31	231	2	0.065	0.009	1/190 0/8 0/22 0/3 0/3 1/4 0/1	0.598	0.766	0.578	0.766	31	441	17	0.548	0.039	0/322 1/11 0/37 3/20 2/25 8/21 3/5	17/31	0.548	16/28	0.571	none
True	complete	median	5	3.0	output/panc1/excl/complete/median_5/bicseq_lambda3.seg	0.666	0.67	0.627	0.657	33	145	10	0.303	0.069	0/105 1/6 0/10 1/5 2/10 4/7 2/2	33	75	7	0.212	0.093	0/43 0/4 0/6 1/6 1/8 3/6 2/2	33	231	2	0.061	0.009	1/190 0/8 0/22 0/3 0/3 1/4 0/1	0.593	0.753	0.584	0.766	33	441	18	0.545	0.041	0/322 1/11 0/37 4/20 2/25 8/21 3/5	18/33	0.545	17/30	0.567	none
True	complete	median	7	3.0	output/panc1/excl/complete/median_7/bicseq_lambda3.seg	0.652	0.61	0.632	0.655	33	145	10	0.303	0.069	0/105 1/6 0/10 1/5 2/10 4/7 2/2	33	75	8	0.242	0.107	0/43 0/4 0/6 1/6 2/8 3/6 2/2	33	231	2	0.061	0.009	1/190 0/8 0/22 0/3 0/3 1/4 0/1	0.589	0.704	0.58	0.759	33	441	19	0.576	0.043	0/322 1/11 0/37 4/20 3/25 8/21 3/5	19/33	0.576	18/32	0.562	chr5
True	complete	median	9	3.0	output/panc1/excl/complete/median_9/bicseq_lambda3.seg	0.649	0.61	0.631	0.659	34	145	10	0.294	0.069	0/105 1/6 0/10 1/5 2/10 4/7 2/2	34	75	8	0.235	0.107	0/43 0/4 0/6 1/6 2/8 3/6 2/2	34	231	2	0.059	0.009	1/190 0/8 0/22 0/3 0/3 1/4 0/1	0.592	0.715	0.582	0.763	34	441	20	0.588	0.045	0/322 1/11 0/37 4/20 3/25 8/21 4/5	20/34	0.588	19/33	0.576	chr5
True	complete	median	11	3.0	output/panc1/excl/complete/median_11/bicseq_lambda3.seg	0.639	0.605	0.616	0.652	33	145	10	0.303	0.069	0/105 1/6 0/10 1/5 2/10 4/7 2/2	33	75	8	0.242	0.107	0/43 0/4 0/6 1/6 2/8 3/6 2/2	33	231	2	0.061	0.009	1/190 0/8 0/22 0/3 0/3 1/4 0/1	0.588	0.706	0.577	0.762	33	441	19	0.576	0.043	0/322 1/11 0/37 4/20 3/25 8/21 3/5	19/33	0.576	18/32	0.562	chr5
True	complete	median	21	3.0	output/panc1/excl/complete/median_21/bicseq_lambda3.seg	0.639	0.64	0.598	0.653	34	145	11	0.324	0.076	0/105 1/6 0/10 1/5 2/10 5/7 2/2	34	75	8	0.235	0.107	0/43 0/4 0/6 1/6 2/8 3/6 2/2	34	231	2	0.059	0.009	1/190 0/8 0/22 0/3 0/3 1/4 0/1	0.606	0.77	0.573	0.767	34	441	20	0.588	0.045	0/322 1/11 0/37 4/20 3/25 8/21 4/5	20/34	0.588	19/32	0.594	chr2,chr5
True	complete	median	41	3.0	output/panc1/excl/complete/median_41/bicseq_lambda3.seg	0.59	0.578	0.595	0.678	20	145	7	0.35	0.048	0/105 0/6 0/10 1/5 1/10 3/7 2/2	20	75	6	0.3	0.08	0/43 0/4 0/6 1/6 1/8 2/6 2/2	20	231	1	0.05	0.004	0/190 0/8 0/22 0/3 0/3 1/4 0/1	0.579	0.655	0.547	0.77	20	441	10	0.5	0.023	0/322 0/11 0/37 1/20 3/25 4/21 2/5	10/20	0.5	10/20	0.5	chr2,chr5,chr6,chr7,chr11
True	complete	savgol	5	3.0	output/panc1/excl/complete/savgol_5/bicseq_lambda3.seg	0.669	0.64	0.644	0.657	27	145	9	0.333	0.062	0/105 1/6 0/10 1/5 1/10 4/7 2/2	27	75	7	0.259	0.093	0/43 0/4 0/6 2/6 0/8 3/6 2/2	27	231	2	0.074	0.009	1/190 0/8 0/22 0/3 0/3 1/4 0/1	0.63	0.761	0.596	0.769	27	441	15	0.556	0.034	0/322 1/11 0/37 2/20 1/25 8/21 3/5	15/27	0.556	14/25	0.56	none
True	complete	savgol	7	3.0	output/panc1/excl/complete/savgol_7/bicseq_lambda3.seg	0.673	0.672	0.631	0.664	29	145	10	0.345	0.069	0/105 1/6 0/10 1/5 2/10 4/7 2/2	29	75	7	0.241	0.093	0/43 0/4 0/6 1/6 1/8 3/6 2/2	29	231	2	0.069	0.009	1/190 0/8 0/22 0/3 0/3 1/4 0/1	0.625	0.772	0.592	0.772	29	441	16	0.552	0.036	0/322 1/11 0/37 3/20 1/25 8/21 3/5	16/29	0.552	15/28	0.536	none
True	complete	savgol	9	3.0	output/panc1/excl/complete/savgol_9/bicseq_lambda3.seg	0.679	0.668	0.638	0.663	31	145	10	0.323	0.069	0/105 1/6 0/10 1/5 2/10 4/7 2/2	31	75	7	0.226	0.093	0/43 0/4 0/6 1/6 1/8 3/6 2/2	31	231	2	0.065	0.009	1/190 0/8 0/22 0/3 0/3 1/4 0/1	0.631	0.764	0.597	0.77	31	441	16	0.516	0.036	0/322 1/11 0/37 3/20 1/25 8/21 3/5	16/31	0.516	15/29	0.517	none
True	complete	savgol	11	3.0	output/panc1/excl/complete/savgol_11/bicseq_lambda3.seg	0.646	0.641	0.608	0.659	31	145	10	0.323	0.069	0/105 1/6 0/10 1/5 2/10 4/7 2/2	31	75	7	0.226	0.093	0/43 0/4 0/6 1/6 1/8 3/6 2/2	31	231	1	0.032	0.004	0/190 0/8 0/22 0/3 0/3 1/4 0/1	0.611	0.743	0.579	0.767	31	441	16	0.516	0.036	0/322 1/11 0/37 3/20 1/25 8/21 3/5	16/31	0.516	15/29	0.517	none
True	complete	savgol	21	3.0	output/panc1/excl/complete/savgol_21/bicseq_lambda3.seg	0.647	0.622	0.614	0.655	31	145	10	0.323	0.069	0/105 1/6 0/10 1/5 2/10 4/7 2/2	31	75	7	0.226	0.093	0/43 0/4 0/6 1/6 1/8 3/6 2/2	31	231	1	0.032	0.004	0/190 0/8 0/22 0/3 0/3 1/4 0/1	0.6	0.734	0.576	0.762	31	441	15	0.484	0.034	0/322 0/11 0/37 3/20 1/25 8/21 3/5	15/31	0.484	15/31	0.484	none
True	complete	savgol	41	3.0	output/panc1/excl/complete/savgol_41/bicseq_lambda3.seg	0.644	0.592	0.62	0.665	33	145	10	0.303	0.069	0/105 1/6 0/10 1/5 2/10 4/7 2/2	33	75	8	0.242	0.107	0/43 0/4 0/6 2/6 1/8 3/6 2/2	33	231	1	0.03	0.004	0/190 0/8 0/22 0/3 0/3 1/4 0/1	0.591	0.71	0.574	0.769	33	441	19	0.576	0.043	0/322 1/11 0/37 4/20 2/25 8/21 4/5	19/33	0.576	18/32	0.562	chr5
True	complete	haar	1	3.0	output/panc1/excl/complete/haar_1/bicseq_lambda3.seg	0.684	0.668	0.634	0.654	27	145	9	0.333	0.062	0/105 1/6 0/10 1/5 1/10 4/7 2/2	27	75	6	0.222	0.08	0/43 0/4 0/6 1/6 0/8 3/6 2/2	27	231	2	0.074	0.009	1/190 0/8 0/22 0/3 0/3 1/4 0/1	0.611	0.76	0.592	0.769	27	441	17	0.63	0.039	0/322 1/11 0/37 3/20 2/25 8/21 3/5	17/27	0.63	16/25	0.64	none
True	complete	haar	2	3.0	output/panc1/excl/complete/haar_2/bicseq_lambda3.seg	0.668	0.674	0.627	0.666	29	145	9	0.31	0.062	0/105 1/6 0/10 1/5 1/10 4/7 2/2	29	75	7	0.241	0.093	0/43 0/4 0/6 1/6 1/8 3/6 2/2	29	231	2	0.069	0.009	1/190 0/8 0/22 0/3 0/3 1/4 0/1	0.625	0.757	0.591	0.772	29	441	17	0.586	0.039	0/322 1/11 0/37 2/20 3/25 8/21 3/5	17/29	0.586	16/27	0.593	none
True	complete	haar	3	3.0	output/panc1/excl/complete/haar_3/bicseq_lambda3.seg	0.664	0.66	0.627	0.664	30	145	10	0.333	0.069	0/105 1/6 0/10 1/5 2/10 4/7 2/2	30	75	7	0.233	0.093	0/43 0/4 0/6 1/6 1/8 3/6 2/2	30	231	2	0.067	0.009	1/190 0/8 0/22 0/3 0/3 1/4 0/1	0.618	0.724	0.585	0.766	30	441	17	0.567	0.039	0/322 1/11 0/37 3/20 2/25 8/21 3/5	17/30	0.567	16/28	0.571	none
True	complete	haar	4	3.0	output/panc1/excl/complete/haar_4/bicseq_lambda3.seg	0.688	0.729	0.632	0.665	32	145	10	0.312	0.069	0/105 1/6 0/10 1/5 2/10 4/7 2/2	32	75	7	0.219	0.093	0/43 0/4 0/6 1/6 1/8 3/6 2/2	32	231	2	0.062	0.009	1/190 0/8 0/22 0/3 0/3 1/4 0/1	0.614	0.799	0.581	0.759	32	441	19	0.594	0.043	0/322 1/11 0/37 4/20 2/25 8/21 4/5	19/32	0.594	18/30	0.6	chr2
True	complete	haar	5	3.0	output/panc1/excl/complete/haar_5/bicseq_lambda3.seg	0.665	0.723	0.608	0.665	33	145	11	0.333	0.076	0/105 1/6 0/10 1/5 2/10 5/7 2/2	33	75	7	0.212	0.093	0/43 0/4 0/6 1/6 1/8 3/6 2/2	33	231	2	0.061	0.009	1/190 0/8 0/22 0/3 0/3 1/4 0/1	0.603	0.798	0.564	0.756	33	441	19	0.576	0.043	0/322 1/11 0/37 4/20 2/25 8/21 4/5	19/33	0.576	18/31	0.581	chr2,chr20
True	complete	sym4	1	3.0	output/panc1/excl/complete/sym4_1/bicseq_lambda3.seg	0.663	0.63	0.626	0.655	26	145	9	0.346	0.062	0/105 1/6 0/10 1/5 1/10 4/7 2/2	26	75	6	0.231	0.08	0/43 0/4 0/6 1/6 0/8 3/6 2/2	26	231	2	0.077	0.009	1/190 0/8 0/22 0/3 0/3 1/4 0/1	0.634	0.754	0.593	0.772	26	441	15	0.577	0.034	0/322 1/11 0/37 1/20 2/25 8/21 3/5	15/26	0.577	14/24	0.583	none
True	complete	sym4	2	3.0	output/panc1/excl/complete/sym4_2/bicseq_lambda3.seg	0.686	0.665	0.659	0.668	27	145	9	0.333	0.062	0/105 1/6 0/10 1/5 1/10 4/7 2/2	27	75	6	0.222	0.08	0/43 0/4 0/6 1/6 0/8 3/6 2/2	27	231	2	0.074	0.009	1/190 0/8 0/22 0/3 0/3 1/4 0/1	0.633	0.76	0.615	0.776	27	441	15	0.556	0.034	0/322 1/11 0/37 1/20 2/25 8/21 3/5	15/27	0.556	14/25	0.56	none
True	complete	sym4	3	3.0	output/panc1/excl/complete/sym4_3/bicseq_lambda3.seg	0.677	0.653	0.643	0.662	32	145	11	0.344	0.076	0/105 1/6 0/10 1/5 2/10 5/7 2/2	32	75	7	0.219	0.093	0/43 0/4 0/6 1/6 1/8 3/6 2/2	32	231	2	0.062	0.009	1/190 0/8 0/22 0/3 0/3 1/4 0/1	0.634	0.737	0.602	0.767	32	441	17	0.531	0.039	0/322 1/11 0/37 3/20 2/25 8/21 3/5	17/32	0.531	16/30	0.533	none
True	complete	sym4	4	3.0	output/panc1/excl/complete/sym4_4/bicseq_lambda3.seg	0.676	0.717	0.629	0.654	32	145	11	0.344	0.076	0/105 1/6 0/10 1/5 2/10 5/7 2/2	32	75	7	0.219	0.093	0/43 0/4 0/6 1/6 1/8 3/6 2/2	32	231	2	0.062	0.009	1/190 0/8 0/22 0/3 0/3 1/4 0/1	0.638	0.812	0.586	0.762	32	441	18	0.562	0.041	0/322 1/11 0/37 3/20 2/25 8/21 4/5	18/32	0.562	17/30	0.567	chr2
True	complete	sym4	5	3.0	output/panc1/excl/complete/sym4_5/bicseq_lambda3.seg	0.656	0.717	0.596	0.653	32	145	11	0.344	0.076	0/105 1/6 0/10 1/5 2/10 5/7 2/2	32	75	7	0.219	0.093	0/43 0/4 0/6 1/6 1/8 3/6 2/2	32	231	2	0.062	0.009	1/190 0/8 0/22 0/3 0/3 1/4 0/1	0.623	0.812	0.556	0.756	32	441	18	0.562	0.041	0/322 1/11 0/37 3/20 2/25 8/21 4/5	18/32	0.562	17/30	0.567	chr2
True	intra	none	0	3.0	output/panc1/excl/intra/none_0/bicseq_lambda3.seg	0.645	0.612	0.476	0.604	25	145	9	0.36	0.062	0/105 1/6 0/10 1/5 1/10 4/7 2/2	25	75	6	0.24	0.08	0/43 0/4 0/6 1/6 0/8 3/6 2/2	25	231	2	0.08	0.009	1/190 0/8 0/22 0/3 0/3 1/4 0/1	0.611	0.712	0.432	0.722	25	441	15	0.6	0.034	0/322 1/11 0/37 1/20 2/25 8/21 3/5	15/25	0.6	14/22	0.636	none
True	intra	mean	3	3.0	output/panc1/excl/intra/mean_3/bicseq_lambda3.seg	0.629	0.57	0.611	0.619	29	145	9	0.31	0.062	0/105 1/6 0/10 1/5 1/10 4/7 2/2	29	75	6	0.207	0.08	0/43 0/4 0/6 1/6 0/8 3/6 2/2	29	231	2	0.069	0.009	1/190 0/8 0/22 0/3 0/3 1/4 0/1	0.592	0.678	0.569	0.73	29	441	15	0.517	0.034	0/322 1/11 0/37 1/20 2/25 8/21 3/5	15/29	0.517	14/26	0.538	none
True	intra	mean	5	3.0	output/panc1/excl/intra/mean_5/bicseq_lambda3.seg	0.643	0.615	0.624	0.625	31	145	10	0.323	0.069	0/105 1/6 0/10 1/5 2/10 4/7 2/2	31	75	7	0.226	0.093	0/43 0/4 0/6 1/6 1/8 3/6 2/2	31	231	1	0.032	0.004	0/190 0/8 0/22 0/3 0/3 1/4 0/1	0.595	0.702	0.573	0.731	31	441	16	0.516	0.036	0/322 1/11 0/37 2/20 2/25 8/21 3/5	16/31	0.516	16/29	0.552	none
True	intra	mean	7	3.0	output/panc1/excl/intra/mean_7/bicseq_lambda3.seg	0.633	0.599	0.609	0.622	31	145	10	0.323	0.069	0/105 1/6 0/10 1/5 2/10 4/7 2/2	31	75	7	0.226	0.093	0/43 0/4 0/6 1/6 1/8 3/6 2/2	31	231	1	0.032	0.004	0/190 0/8 0/22 0/3 0/3 1/4 0/1	0.588	0.701	0.567	0.727	31	441	15	0.484	0.034	0/322 0/11 0/37 2/20 2/25 8/21 3/5	15/31	0.484	15/30	0.5	none
True	intra	mean	9	3.0	output/panc1/excl/intra/mean_9/bicseq_lambda3.seg	0.633	0.594	0.605	0.623	31	145	10	0.323	0.069	0/105 1/6 0/10 1/5 2/10 4/7 2/2	31	75	7	0.226	0.093	0/43 0/4 0/6 1/6 1/8 3/6 2/2	31	231	1	0.032	0.004	0/190 0/8 0/22 0/3 0/3 1/4 0/1	0.587	0.694	0.567	0.729	31	441	15	0.484	0.034	0/322 0/11 0/37 2/20 2/25 8/21 3/5	15/31	0.484	15/30	0.5	none
True	intra	mean	11	3.0	output/panc1/excl/intra/mean_11/bicseq_lambda3.seg	0.634	0.596	0.608	0.622	31	145	10	0.323	0.069	0/105 1/6 0/10 1/5 2/10 4/7 2/2	31	75	7	0.226	0.093	0/43 0/4 0/6 1/6 1/8 3/6 2/2	31	231	1	0.032	0.004	0/190 0/8 0/22 0/3 0/3 1/4 0/1	0.584	0.694	0.569	0.731	31	441	15	0.484	0.034	0/322 0/11 0/37 2/20 2/25 8/21 3/5	15/31	0.484	15/30	0.5	none
True	intra	mean	21	3.0	output/panc1/excl/intra/mean_21/bicseq_lambda3.seg	0.645	0.593	0.616	0.629	29	145	10	0.345	0.069	0/105 1/6 0/10 1/5 2/10 4/7 2/2	29	75	7	0.241	0.093	0/43 0/4 0/6 1/6 1/8 3/6 2/2	29	231	1	0.034	0.004	0/190 0/8 0/22 0/3 0/3 1/4 0/1	0.589	0.698	0.572	0.734	29	441	14	0.483	0.032	0/322 0/11 0/37 2/20 2/25 7/21 3/5	14/29	0.483	14/29	0.483	none
True	intra	mean	41	3.0	output/panc1/excl/intra/mean_41/bicseq_lambda3.seg	0.644	0.592	0.626	0.645	32	145	9	0.281	0.062	0/105 1/6 0/10 1/5 1/10 4/7 2/2	32	75	6	0.188	0.08	0/43 0/4 0/6 1/6 0/8 3/6 2/2	32	231	1	0.031	0.004	0/190 0/8 0/22 0/3 0/3 1/4 0/1	0.559	0.661	0.575	0.738	32	441	15	0.469	0.034	0/322 0/11 0/37 1/20 2/25 8/21 4/5	15/32	0.469	15/32	0.469	chr11
