setting	w	lambda	PCC	SCC	bin_PCC	bin_SCC	arraystate_calls	arraystate_ref	arraystate_hits	arraystate_P	arraystate_R	arraystate_size	arraystate_rep2_calls	arraystate_rep2_ref	arraystate_rep2_hits	arraystate_rep2_P	arraystate_rep2_R	arraystate_rep2_size	logR0.3_calls	logR0.3_ref	logR0.3_hits	logR0.3_P	logR0.3_R	logR0.3_size
complete	0	1	0.19	0.649	0.068	0.618	70	145	11	0.157	0.076	0/105 1/6 0/10 1/5 3/10 4/7 2/2	70	75	8	0.114	0.107	0/43 0/4 0/6 1/6 1/8 4/6 2/2	70	231	4	0.057	0.017	2/190 0/8 0/22 0/3 1/3 1/4 0/1
complete	0	2	0.193	0.645	0.068	0.618	50	145	11	0.22	0.076	0/105 1/6 0/10 1/5 3/10 4/7 2/2	50	75	7	0.14	0.093	0/43 0/4 0/6 1/6 1/8 3/6 2/2	50	231	3	0.06	0.013	1/190 0/8 0/22 0/3 1/3 1/4 0/1
complete	0	3	0.244	0.629	0.068	0.618	40	145	10	0.25	0.069	0/105 1/6 0/10 1/5 2/10 4/7 2/2	40	75	6	0.15	0.08	0/43 0/4 0/6 1/6 0/8 3/6 2/2	40	231	3	0.075	0.013	1/190 0/8 0/22 0/3 1/3 1/4 0/1
complete	3	3	0.256	0.62	0.091	0.632	38	145	10	0.263	0.069	0/105 1/6 0/10 1/5 2/10 4/7 2/2	38	75	6	0.158	0.08	0/43 0/4 0/6 1/6 0/8 3/6 2/2	38	231	3	0.079	0.013	1/190 0/8 0/22 0/3 1/3 1/4 0/1
complete	5	3	0.27	0.612	0.103	0.626	35	145	10	0.286	0.069	0/105 1/6 0/10 1/5 2/10 4/7 2/2	35	75	6	0.171	0.08	0/43 0/4 0/6 1/6 0/8 3/6 2/2	35	231	2	0.057	0.009	0/190 0/8 0/22 0/3 1/3 1/4 0/1
complete	7	3	0.284	0.609	0.103	0.622	34	145	10	0.294	0.069	0/105 1/6 0/10 1/5 2/10 4/7 2/2	34	75	6	0.176	0.08	0/43 0/4 0/6 1/6 0/8 3/6 2/2	34	231	2	0.059	0.009	0/190 0/8 0/22 0/3 1/3 1/4 0/1
complete	9	3	0.51	0.577	0.106	0.615	35	145	10	0.286	0.069	0/105 1/6 0/10 1/5 2/10 4/7 2/2	35	75	6	0.171	0.08	0/43 0/4 0/6 1/6 0/8 3/6 2/2	35	231	2	0.057	0.009	0/190 0/8 0/22 0/3 1/3 1/4 0/1
complete	11	3	0.518	0.578	0.114	0.613	36	145	10	0.278	0.069	0/105 1/6 0/10 1/5 2/10 4/7 2/2	36	75	6	0.167	0.08	0/43 0/4 0/6 1/6 0/8 3/6 2/2	36	231	2	0.056	0.009	0/190 0/8 0/22 0/3 1/3 1/4 0/1
complete	21	3	0.563	0.565	0.145	0.601	34	145	9	0.265	0.062	0/105 1/6 0/10 1/5 1/10 4/7 2/2	34	75	6	0.176	0.08	0/43 0/4 0/6 1/6 0/8 3/6 2/2	34	231	1	0.029	0.004	0/190 0/8 0/22 0/3 0/3 1/4 0/1
complete	41	3	0.618	0.612	0.406	0.58	31	145	8	0.258	0.055	0/105 1/6 0/10 1/5 1/10 3/7 2/2	31	75	7	0.226	0.093	0/43 0/4 0/6 1/6 1/8 3/6 2/2	31	231	0	0.0	0.0	0/190 0/8 0/22 0/3 0/3 0/4 0/1
intra	0	1	0.194	0.647	0.06	0.59	61	145	11	0.18	0.076	0/105 1/6 0/10 1/5 3/10 4/7 2/2	61	75	7	0.115	0.093	0/43 0/4 0/6 1/6 1/8 3/6 2/2	61	231	3	0.049	0.013	1/190 0/8 0/22 0/3 1/3 1/4 0/1
intra	0	2	0.193	0.633	0.06	0.59	47	145	10	0.213	0.069	0/105 1/6 0/10 1/5 2/10 4/7 2/2	47	75	6	0.128	0.08	0/43 0/4 0/6 1/6 0/8 3/6 2/2	47	231	3	0.064	0.013	1/190 0/8 0/22 0/3 1/3 1/4 0/1
intra	0	3	0.254	0.618	0.06	0.59	35	145	10	0.286	0.069	0/105 1/6 0/10 1/5 2/10 4/7 2/2	35	75	6	0.171	0.08	0/43 0/4 0/6 1/6 0/8 3/6 2/2	35	231	3	0.086	0.013	1/190 0/8 0/22 0/3 1/3 1/4 0/1
intra	3	3	0.257	0.602	0.09	0.605	34	145	10	0.294	0.069	0/105 1/6 0/10 1/5 2/10 4/7 2/2	34	75	6	0.176	0.08	0/43 0/4 0/6 1/6 0/8 3/6 2/2	34	231	3	0.088	0.013	1/190 0/8 0/22 0/3 1/3 1/4 0/1
intra	5	3	0.265	0.567	0.101	0.592	34	145	10	0.294	0.069	0/105 1/6 0/10 1/5 2/10 4/7 2/2	34	75	6	0.176	0.08	0/43 0/4 0/6 1/6 0/8 3/6 2/2	34	231	3	0.088	0.013	1/190 0/8 0/22 0/3 1/3 1/4 0/1
intra	7	3	0.276	0.558	0.105	0.584	34	145	10	0.294	0.069	0/105 1/6 0/10 1/5 2/10 4/7 2/2	34	75	6	0.176	0.08	0/43 0/4 0/6 1/6 0/8 3/6 2/2	34	231	2	0.059	0.009	0/190 0/8 0/22 0/3 1/3 1/4 0/1
intra	9	3	0.285	0.549	0.112	0.577	34	145	10	0.294	0.069	0/105 1/6 0/10 1/5 2/10 4/7 2/2	34	75	6	0.176	0.08	0/43 0/4 0/6 1/6 0/8 3/6 2/2	34	231	2	0.059	0.009	0/190 0/8 0/22 0/3 1/3 1/4 0/1
intra	11	3	0.478	0.546	0.119	0.575	35	145	10	0.286	0.069	0/105 1/6 0/10 1/5 2/10 4/7 2/2	35	75	6	0.171	0.08	0/43 0/4 0/6 1/6 0/8 3/6 2/2	35	231	2	0.057	0.009	0/190 0/8 0/22 0/3 1/3 1/4 0/1
intra	21	3	0.489	0.523	0.147	0.563	32	145	9	0.281	0.062	0/105 1/6 0/10 1/5 1/10 4/7 2/2	32	75	6	0.188	0.08	0/43 0/4 0/6 1/6 0/8 3/6 2/2	32	231	1	0.031	0.004	0/190 0/8 0/22 0/3 0/3 1/4 0/1
intra	41	3	0.532	0.531	0.357	0.562	31	145	9	0.29	0.062	0/105 1/6 0/10 1/5 1/10 4/7 2/2	31	75	6	0.194	0.08	0/43 0/4 0/6 1/6 0/8 3/6 2/2	31	231	1	0.032	0.004	0/190 0/8 0/22 0/3 0/3 1/4 0/1
