K562	rd_mean_shift	duplication	1	107300001.0	110150000.0	2850000.0	1.3810963840751997	0.0	9.27790106107998e-27	0.0	9.27790106107998e-27	0.06784270919784939	0.0	3386200.0	PRMT6 (ENSG00000198890 inside), NTNG1 (ENSG00000162631 inside), VAV3 (ENSG00000134215 inside), SLC25A24 (ENSG00000085491 inside), NBPF4 (ENSG00000196427 inside), NBPF6 (ENSG00000186086 inside), FAM102B (ENSG00000162636 inside), HENMT1 (ENSG00000162639 inside), PRPF38B (ENSG00000134186 inside), FNDC7 (ENSG00000143107 inside), STXBP3 (ENSG00000116266 inside), AKNAD1 (ENSG00000162641 inside), GPSM2 (ENSG00000121957 inside), CLCC1 (ENSG00000121940 inside), WDR47 (ENSG00000085433 inside), TAF13 (ENSG00000197780 inside), TMEM167B (ENSG00000215717 inside), C1orf194 (ENSG00000179902 inside), KIAA1324 (ENSG00000116299 inside), SARS (ENSG00000031698 inside), CELSR2 (ENSG00000143126 inside), PSRC1 (ENSG00000134222 inside), MYBPHL (ENSG00000221986 inside), SORT1 (ENSG00000134243 inside), PSMA5 (ENSG00000143106 inside), SYPL2 (ENSG00000143028 inside), ATXN7L2 (ENSG00000162650 inside), CYB561D1 (ENSG00000174151 inside), AMIGO1 (ENSG00000181754 inside), GPR61 (ENSG00000156097 inside), GNAI3 (ENSG00000065135 inside), GNAT2 (ENSG00000134183 intersect right)
K562	rd_mean_shift	duplication	1	161400001.0	196700000.0	35300000.0	1.376560375860411	0.0	1.3680650742091293e-244	0.0	1.3680650742091293e-244	0.015421351725352512	0.0	9222900.0	No information
K562	rd_mean_shift	duplication	2	154200001.0	188700000.0	34500000.0	1.3741806699787547	0.0	0.0	0.0	0.0	0.010361118937734715	0.0	4409600.0	No information
K562	rd_mean_shift	deletion	3	48250001.0	60100000.0	11850000.0	0.6912580414303022	0.0	8.007635987062374e-128	0.0	8.007635987062374e-128	0.01241750443439504	0.0	6070400.0	No information
K562	rd_mean_shift	deletion	4	160500001.0	163600000.0	3100000.0	0.32574792913673456	0.0	7.096655619171059e-162	0.0	7.096655619171059e-162	0.03184464007093219	0.0	27444400.0	FSTL5 (ENSG00000168843 inside)
K562	rd_mean_shift	duplication	6	200001.0	32450000.0	32250000.0	1.3476205867552848	0.0	4.644783471854737e-59	0.0	4.644783471854737e-59	0.011709180587415964	0.0	140100.0	No information
K562	rd_mean_shift	duplication	6	32650001.0	51750000.0	19100000.0	1.3671331664039306	0.0	2.9428291833613214e-205	0.0	2.9428291833613214e-205	0.005811407346845425	0.0	6337800.0	No information
K562	rd_mean_shift	duplication	9	37100001.0	38450000.0	1350000.0	1.3736111968908755	0.0	3.095512247397233e-09	0.0	3.095512247397233e-09	0.0032803972937526607	0.0	1213800.0	ZCCHC7 (ENSG00000147905 inside), GRHPR (ENSG00000137106 inside), ZBTB5 (ENSG00000168795 inside), POLR1E (ENSG00000137054 inside), FBXO10 (ENSG00000147912 inside), RP11-613M10.8 (ENSG00000256966 inside), TOMM5 (ENSG00000175768 inside), RP11-613M10.9 (ENSG00000255872 inside), FRMPD1 (ENSG00000070601 inside), TRMT10B (ENSG00000165275 inside), EXOSC3 (ENSG00000107371 inside), DCAF10 (ENSG00000122741 inside), SLC25A51 (ENSG00000122696 inside), SHB (ENSG00000107338 inside), ALDH1B1 (ENSG00000137124 inside), IGFBPL1 (ENSG00000137142 inside)
K562	rd_mean_shift	duplication	9	133600001.0	134150000.0	550000.0	6.873611910149982	1.3168070034375035e-06	0.0	1.3168070034375035e-06	0.0	0.0018537657377987635	0.0	377100.0	ABL1 (ENSG00000097007 intersect left), QRFP (ENSG00000188710 inside), FIBCD1 (ENSG00000130720 inside), LAMC3 (ENSG00000050555 inside), AIF1L (ENSG00000126878 inside), NUP214 (ENSG00000126883 inside), FAM78A (ENSG00000126882 intersect right)
K562	rd_mean_shift	duplication	10	52000001.0	87850000.0	35850000.0	1.3310358722369187	0.0	2.1642535651528084e-234	0.0	2.1642535651528084e-234	0.010214110426035377	1.9525801952580195e-07	551300.0	No information
K562	rd_mean_shift	duplication	13	90450001.0	92500000.0	2050000.0	4.303770955373681	0.0	0.0	0.0	0.0	0.0031202395462592387	0.0	3539800.0	GPC5 (ENSG00000179399 intersect right)
K562	rd_mean_shift	duplication	13	92950001.0	93350000.0	400000.0	4.703612350320755	6.8607022987721145e-06	0.0	6.8607022987721145e-06	0.0	0.010811318429130693	0.0	6039800.0	GPC5 (ENSG00000179399 cover)
K562	rd_mean_shift	deletion	13	93350001.0	93850000.0	500000.0	0.6447704932579471	9.361248296535507e-07	0.33432873913430433	9.361248296535507e-07	0.33432873913430433	0.016970081262827678	0.0	6439800.0	GPC5 (ENSG00000179399 intersect left)
K562	rd_mean_shift	deletion	13	94050001.0	108500000.0	14450000.0	0.6578872270620768	0.0	9.250106744744249e-216	0.0	9.250106744744249e-216	0.010389983567783614	0.0	3854100.0	No information
K562	rd_mean_shift	deletion	14	20400001.0	23200000.0	2800000.0	0.7381626796510253	0.0	5.1236999080656425	0.0	5.1236999080656425	0.01584865435465426	0.0	1400100.0	OR4K1 (ENSG00000155249 inside), OR4K15 (ENSG00000169488 inside), OR4K14 (ENSG00000169484 inside), OR4K13 (ENSG00000176253 inside), OR4L1 (ENSG00000176246 inside), OR4K17 (ENSG00000176230 inside), OR4N5 (ENSG00000184394 inside), OR11G2 (ENSG00000196832 inside), OR11H6 (ENSG00000176219 inside), OR11H4 (ENSG00000176198 inside), TTC5 (ENSG00000136319 inside), CCNB1IP1 (ENSG00000100814 inside), PARP2 (ENSG00000129484 inside), TEP1 (ENSG00000129566 inside), KLHL33 (ENSG00000185271 inside), OSGEP (ENSG00000092094 inside), APEX1 (ENSG00000100823 inside), TMEM55B (ENSG00000165782 inside), PNP (ENSG00000198805 inside), RNASE10 (ENSG00000182545 inside), RNASE9 (ENSG00000188655 inside), RNASE11 (ENSG00000259060 inside), RNASE11 (ENSG00000173464 inside), RNASE12 (ENSG00000258436 inside), OR6S1 (ENSG00000181803 inside), RNASE4 (ENSG00000258818 inside), ANG (ENSG00000214274 inside), AL163636.6 (ENSG00000259171 inside), EDDM3A (ENSG00000181562 inside), EDDM3B (ENSG00000181552 inside), RNASE6 (ENSG00000169413 inside), RNASE1 (ENSG00000129538 inside), RNASE3 (ENSG00000169397 inside), RNASE2 (ENSG00000169385 inside), METTL17 (ENSG00000165792 inside), SLC39A2 (ENSG00000165794 inside), NDRG2 (ENSG00000165795 inside), TPPP2 (ENSG00000179636 inside), RP11-998D10.1 (ENSG00000255472 inside), RNASE13 (ENSG00000206150 inside), RNASE7 (ENSG00000165799 inside), RNASE8 (ENSG00000173431 inside), ARHGEF40 (ENSG00000165801 inside), ZNF219 (ENSG00000165804 inside), TMEM253 (ENSG00000232070 inside), OR5AU1 (ENSG00000169327 inside), HNRNPC (ENSG00000092199 inside), RPGRIP1 (ENSG00000092200 inside), SUPT16H (ENSG00000092201 inside), CHD8 (ENSG00000100888 inside), RAB2B (ENSG00000129472 inside), TOX4 (ENSG00000092203 inside), METTL3 (ENSG00000165819 inside), SALL2 (ENSG00000165821 inside), OR10G3 (ENSG00000169208 inside), OR10G2 (ENSG00000255582 inside), OR4E2 (ENSG00000221977 inside), AE000662.92 (ENSG00000259003 inside), DAD1 (ENSG00000129562 inside), ABHD4 (ENSG00000100439 inside), OR6J1 (ENSG00000255804 inside)
K562	rd_mean_shift	deletion	14	23800001.0	67400000.0	43600000.0	0.6926685008793759	0.0	0.0	0.0	0.0	0.0168431003674435	0.0	4800100.0	No information
K562	rd_mean_shift	deletion	14	67650001.0	97000000.0	29350000.0	0.6798477433108171	0.0	0.0	0.0	0.0	0.009270521077625552	0.0	10289700.0	No information
K562	rd_mean_shift	duplication	16	78400001.0	85650000.0	7250000.0	1.3213070766641488	0.0	1.1318541268109561e-68	0.0	1.1318541268109561e-68	0.004560113572185335	0.0	2739500.0	No information
K562	rd_mean_shift	deletion	17	16750001.0	21200000.0	4450000.0	0.6757972612408565	0.0	1.452149949455771e-26	0.0	1.452149949455771e-26	0.09586507868784513	0.0	366800.0	SLC47A2 (ENSG00000180638 inside), MIEF2 (ENSG00000177427 inside), ALDH3A1 (ENSG00000108602 inside), TOP3A (ENSG00000177302 inside), ULK2 (ENSG00000083290 inside), AKAP10 (ENSG00000108599 inside), SPECC1 (ENSG00000128487 inside), SMCR8 (ENSG00000176994 inside), SHMT1 (ENSG00000176974 inside), EVPLL (ENSG00000214860 inside), LGALS9C (ENSG00000171916 inside), LGALS9B (ENSG00000170298 inside), FAM106A (ENSG00000213077 inside), TBC1D28 (ENSG00000189375 inside), CDRT15L2 (ENSG00000214819 inside), CCDC144NL (ENSG00000205212 inside), USP22 (ENSG00000124422 inside), ZNF286B (ENSG00000249459 inside), TRIM16L (ENSG00000108448 inside), DHRS7B (ENSG00000109016 inside), FBXW10 (ENSG00000171931 inside), TMEM11 (ENSG00000178307 inside), C17orf103 (ENSG00000154035 inside), TVP23B (ENSG00000171928 inside), MAP2K3 (ENSG00000034152 intersect right), PRPSAP2 (ENSG00000141127 inside), SLC5A10 (ENSG00000154025 inside), FAM83G (ENSG00000188522 inside), GRAP (ENSG00000154016 inside), AC007952.5 (ENSG00000228157 inside), GRAPL (ENSG00000189152 inside), AC007952.1 (ENSG00000214844 inside), AC007952.6 (ENSG00000197665 inside), EPN2 (ENSG00000072134 inside), AC106017.1 (ENSG00000230493 inside), B9D1 (ENSG00000108641 inside), MAPK7 (ENSG00000166484 inside), MFAP4 (ENSG00000166482 inside), RNF112 (ENSG00000128482 inside), SLC47A1 (ENSG00000142494 inside), ALDH3A2 (ENSG00000072210 inside), TNFRSF13B (ENSG00000240505 inside), MPRIP (ENSG00000133030 inside), PLD6 (ENSG00000179598 inside), RP11-45M22.4 (ENSG00000264187 inside), FLCN (ENSG00000154803 inside), COPS3 (ENSG00000141030 inside), NT5M (ENSG00000205309 inside), MED9 (ENSG00000141026 inside), RASD1 (ENSG00000108551 inside), PEMT (ENSG00000133027 inside), RAI1 (ENSG00000108557 inside), SREBF1 (ENSG00000072310 inside), TOM1L2 (ENSG00000175662 inside), LRRC48 (ENSG00000171962 inside), ATPAF2 (ENSG00000171953 inside), GID4 (ENSG00000141034 inside), DRG2 (ENSG00000108591 inside), MYO15A (ENSG00000091536 inside), ALKBH5 (ENSG00000091542 inside), LLGL1 (ENSG00000131899 inside), FLII (ENSG00000177731 inside)
K562	rd_mean_shift	duplication	18	22000001.0	39600000.0	17600000.0	1.3675025931328555	0.0	2.0218299471412886e-44	0.0	2.0218299471412886e-44	0.00836841075552244	0.0	3489300.0	No information
K562	rd_mean_shift	deletion	18	39600001.0	44500000.0	4900000.0	0.6644709100020275	0.0	1.2486703460555846e-60	0.0	1.2486703460555846e-60	0.008457682190499789	0.0	7559300.0	ST8SIA5 (ENSG00000101638 inside), PIAS2 (ENSG00000078043 intersect right), KATNAL2 (ENSG00000167216 intersect right), PIK3C3 (ENSG00000078142 intersect left), RIT2 (ENSG00000152214 inside), SYT4 (ENSG00000132872 inside), SETBP1 (ENSG00000152217 inside), SLC14A2 (ENSG00000132874 inside), SLC14A1 (ENSG00000141469 inside), SIGLEC15 (ENSG00000197046 inside), EPG5 (ENSG00000152223 inside), PSTPIP2 (ENSG00000152229 inside), ATP5A1 (ENSG00000152234 inside), HAUS1 (ENSG00000152240 inside), C18orf25 (ENSG00000152242 inside), RNF165 (ENSG00000141622 inside), LOXHD1 (ENSG00000167210 inside)
K562	rd_mean_shift	duplication	21	25450001.0	42800000.0	17350000.0	1.315329354015021	0.0	7.333598826319879e-174	0.0	7.333598826319879e-174	0.00501334121891717	2.3054755043227664e-06	155700.0	No information
