duplication	1:600001-2650000	2050000	1.4473	9.522401e-05	7.103464e-25	9.522401e-05	7.103464e-25	0.0987	0.0077	0
deletion	1:3850001-4000000	150000	0.0420	1.223887e+01	3.513506e-05	1.223887e+01	3.513506e-05	0.0012	0.9685	0
duplication	1:4000001-13000000	9000000	1.3452	0.000000e+00	1.469567e-89	0.000000e+00	1.469567e-89	0.0082	0.0000	4900
duplication	1:13800001-24250000	10450000	1.4114	0.000000e+00	7.357416e-112	0.000000e+00	7.357416e-112	0.0244	0.0048	0
duplication	1:24350001-29850000	5500000	1.3829	0.000000e+00	2.371066e-06	0.000000e+00	2.371066e-06	0.0102	0.0000	28200
duplication	1:30050001-55300000	25250000	1.3736	0.000000e+00	1.603758e-273	0.000000e+00	1.603758e-273	0.0076	0.0000	22100
duplication	1:107300001-110150000	2850000	1.3811	0.000000e+00	9.277901e-27	0.000000e+00	9.277901e-27	0.0678	0.0000	3386200
duplication	1:110250001-120950000	10700000	1.4011	0.000000e+00	2.855515e+09	0.000000e+00	2.855515e+09	0.0254	0.0059	0
deletion	1:121500001-142500000	21000000	0.0000	0.000000e+00	0.000000e+00	0.000000e+00	0.000000e+00	-1.0000	1.0000	0
duplication	1:144850001-145400000	550000	3.0390	7.497714e-03	1.139994e-78	7.497714e-03	1.139994e-78	0.2085	0.0000	39400
deletion	1:148400001-148500000	100000	0.0000	2.836086e-01	7.036541e-03	2.836086e-01	7.036541e-03	-1.0000	1.0000	0
duplication	1:161400001-196700000	35300000	1.3766	0.000000e+00	1.368065e-244	0.000000e+00	1.368065e-244	0.0154	0.0000	9222900
duplication	1:196800001-205900000	9100000	1.3859	0.000000e+00	3.320149e-69	0.000000e+00	3.320149e-69	0.0060	0.0000	22900
duplication	1:206500001-235100000	28600000	1.3675	0.000000e+00	2.860967e+09	0.000000e+00	2.860967e+09	0.0216	0.0017	0
duplication	1:235250001-248900000	13650000	1.3102	0.000000e+00	7.828845e+08	0.000000e+00	7.828845e+08	0.0175	0.0000	7900
deletion	1:248900001-249050000	150000	0.0636	2.933211e+01	1.524118e-03	2.933211e+01	1.524118e-03	0.0223	0.9453	0
deletion	2:4650001-6050000	1400000	0.8175	4.866034e-02	1.011408e+00	4.866034e-02	1.011408e+00	0.0197	0.0714	0
deletion	2:89650001-89800000	150000	0.0000	6.144588e-06	1.101596e-08	6.144588e-06	1.101596e-08	-1.0000	1.0000	0
deletion	2:90550001-91550000	1000000	0.0000	0.000000e+00	2.245398e-107	0.000000e+00	2.245398e-107	-1.0000	1.0000	0
deletion	2:92350001-95300000	2950000	0.0000	0.000000e+00	0.000000e+00	0.000000e+00	0.000000e+00	-1.0000	1.0000	0
deletion	2:110100001-110250000	150000	0.0573	2.350976e+01	5.217533e-04	2.350976e+01	5.217533e-04	0.0006	0.9378	0
duplication	2:149800001-153550000	3750000	1.4735	0.000000e+00	2.533958e-30	0.000000e+00	2.533958e-30	0.0133	0.0000	9600
duplication	2:154200001-188700000	34500000	1.3742	0.000000e+00	0.000000e+00	0.000000e+00	0.000000e+00	0.0104	0.0000	4409600
deletion	2:188700001-243200000	54500000	0.6876	0.000000e+00	2.524863e-312	0.000000e+00	2.524863e-312	0.0141	0.0030	0
duplication	3:1-48250000	48250000	1.3493	0.000000e+00	2.866666e+09	0.000000e+00	2.866666e+09	0.0084	0.0012	0
deletion	3:48250001-60100000	11850000	0.6913	0.000000e+00	8.007636e-128	0.000000e+00	8.007636e-128	0.0124	0.0000	6070400
deletion	3:60550001-138250000	77700000	0.6627	0.000000e+00	1.840321e+03	0.000000e+00	1.840321e+03	0.0182	0.0399	0
deletion	4:49700001-52650000	2950000	0.0000	0.000000e+00	0.000000e+00	0.000000e+00	0.000000e+00	-1.0000	1.0000	0
deletion	4:160500001-163600000	3100000	0.3257	0.000000e+00	7.096656e-162	0.000000e+00	7.096656e-162	0.0318	0.0000	27444400
deletion	4:191050001-191200000	150000	0.0000	6.144588e-06	1.101596e-08	6.144588e-06	1.101596e-08	-1.0000	1.0000	0
duplication	5:21450001-46400000	24950000	1.3363	0.000000e+00	4.788026e-202	0.000000e+00	4.788026e-202	0.0151	0.0000	5800
deletion	5:46400001-49400000	3000000	0.0029	0.000000e+00	1.034703e-244	0.000000e+00	1.034703e-244	0.0599	0.9981	0
duplication	5:49450001-50400000	950000	1.3037	6.683040e-05	2.119475e-02	6.683040e-05	2.119475e-02	0.0186	0.0000	44500
deletion	5:154900001-156700000	1800000	0.8991	4.956291e-02	1.164902e-02	4.956291e-02	1.164902e-02	0.0146	0.0278	0
duplication	6:200001-32450000	32250000	1.3476	0.000000e+00	4.644783e-59	0.000000e+00	4.644783e-59	0.0117	0.0000	140100
duplication	6:32650001-51750000	19100000	1.3671	0.000000e+00	2.942829e-205	0.000000e+00	2.942829e-205	0.0058	0.0000	6337800
deletion	6:58800001-61850000	3050000	0.0000	0.000000e+00	0.000000e+00	0.000000e+00	0.000000e+00	-1.0000	1.0000	0
duplication	6:135550001-157550000	22000000	1.3534	0.000000e+00	2.112916e-201	0.000000e+00	2.112916e-201	0.0062	0.0000	9600
duplication	6:157700001-167950000	10250000	1.3185	0.000000e+00	2.076466e-56	0.000000e+00	2.076466e-56	0.0164	0.0008	0
duplication	6:168050001-170250000	2200000	1.2547	0.000000e+00	1.994514e-17	0.000000e+00	1.994514e-17	0.0111	0.0000	8100
duplication	6:170350001-171050000	700000	1.3747	1.766410e-02	3.886176e+07	1.766410e-02	3.886176e+07	0.1163	0.0000	5200
deletion	7:58050001-61050000	3000000	0.0021	0.000000e+00	5.951127e-270	0.000000e+00	5.951127e-270	0.0714	0.9986	0
duplication	7:75000001-130150000	55150000	1.5324	0.000000e+00	1.938832e+09	0.000000e+00	1.938832e+09	0.0208	0.0009	0
duplication	7:130250001-143300000	13050000	1.6459	0.000000e+00	2.867336e+09	0.000000e+00	2.867336e+09	0.0105	0.0099	0
duplication	7:143400001-154250000	10850000	1.6292	0.000000e+00	9.101688e-274	0.000000e+00	9.101688e-274	0.0449	0.0000	2300
duplication	7:154400001-159150000	4750000	1.5920	0.000000e+00	7.013396e-10	0.000000e+00	7.013396e-10	0.0125	0.0045	0
deletion	8:43850001-46800000	2950000	0.0000	0.000000e+00	0.000000e+00	0.000000e+00	0.000000e+00	-1.0000	1.0000	0
deletion	9:1-37100000	37100000	0.4976	0.000000e+00	1.236123e-153	0.000000e+00	1.236123e-153	0.0217	0.0003	0
duplication	9:37100001-38450000	1350000	1.3736	0.000000e+00	3.095512e-09	0.000000e+00	3.095512e-09	0.0033	0.0000	1213800
deletion	9:38450001-45350000	6900000	0.4973	0.000000e+00	2.820623e+02	0.000000e+00	2.820623e+02	0.6089	0.1087	0
deletion	9:45750001-47150000	1400000	0.4358	9.015931e-11	6.593375e-16	9.015931e-11	6.593375e-16	0.8789	0.2070	0
deletion	9:47300001-66450000	19150000	0.0225	0.000000e+00	4.664074e-148	0.000000e+00	4.664074e-148	0.7655	0.9554	0
deletion	9:67400001-68350000	950000	0.4532	4.093709e-04	3.166780e+05	4.093709e-04	3.166780e+05	0.6299	0.2803	0
deletion	9:70200001-94050000	23850000	0.6566	0.000000e+00	1.047270e-124	0.000000e+00	1.047270e-124	0.0354	0.0210	0
duplication	9:133600001-134150000	550000	6.8736	1.316807e-06	0.000000e+00	1.316807e-06	0.000000e+00	0.0019	0.0000	377100
deletion	10:17800001-18200000	400000	0.4520	9.935843e-03	1.046608e-03	9.935843e-03	1.046608e-03	0.7273	0.1250	0
deletion	10:39150001-42350000	3200000	0.0023	0.000000e+00	4.370202e-276	0.000000e+00	4.370202e-276	0.1368	0.9985	0
duplication	10:49350001-51150000	1800000	1.3682	0.000000e+00	9.067452e+00	0.000000e+00	9.067452e+00	0.0169	0.0070	0
duplication	10:52000001-87850000	35850000	1.3310	0.000000e+00	2.164254e-234	0.000000e+00	2.164254e-234	0.0102	0.0000	551300
deletion	10:87850001-135550000	47700000	0.6758	0.000000e+00	1.282998e+09	0.000000e+00	1.282998e+09	0.0199	0.0068	0
deletion	11:50800001-51150000	350000	0.0850	3.435590e-02	3.144881e-05	3.435590e-02	3.144881e-05	0.7232	0.8310	0
deletion	11:51600001-54700000	3100000	0.0011	0.000000e+00	3.015623e-309	0.000000e+00	3.015623e-309	0.5431	0.9981	0
deletion	11:134950001-135050000	100000	0.0000	2.836086e-01	7.036541e-03	2.836086e-01	7.036541e-03	-1.0000	1.0000	0
deletion	12:1-22700000	22700000	0.6821	0.000000e+00	1.088739e+01	0.000000e+00	1.088739e+01	0.0193	0.0070	0
deletion	12:34850001-37850000	3000000	0.0042	0.000000e+00	3.867243e-207	0.000000e+00	3.867243e-207	0.1444	0.9978	0
deletion	13:1-80950000	80950000	0.5181	0.000000e+00	1.752659e-14	0.000000e+00	1.752659e-14	0.0167	0.2350	0
duplication	13:81100001-81500000	400000	4.2735	4.225234e-02	8.851407e-71	4.225234e-02	8.851407e-71	0.0028	0.0000	5260500
deletion	13:81550001-90450000	8900000	0.6439	0.000000e+00	2.636522e+09	0.000000e+00	2.636522e+09	0.0138	0.0169	0
duplication	13:90450001-92500000	2050000	4.3038	0.000000e+00	0.000000e+00	0.000000e+00	0.000000e+00	0.0031	0.0000	3539800
deletion	13:92500001-92950000	450000	0.6695	4.480146e-02	1.728179e+06	4.480146e-02	1.728179e+06	0.0108	0.0000	5589800
duplication	13:92950001-93350000	400000	4.7036	6.860702e-06	0.000000e+00	6.860702e-06	0.000000e+00	0.0108	0.0000	6039800
deletion	13:93350001-93850000	500000	0.6448	9.361248e-07	3.343287e-01	9.361248e-07	3.343287e-01	0.0170	0.0000	6439800
deletion	13:94050001-108500000	14450000	0.6579	0.000000e+00	9.250107e-216	0.000000e+00	9.250107e-216	0.0104	0.0000	3854100
deletion	13:108650001-115200000	6550000	0.6267	0.000000e+00	2.047778e+09	0.000000e+00	2.047778e+09	0.0140	0.0672	0
deletion	14:1-19000000	19000000	0.0000	0.000000e+00	0.000000e+00	0.000000e+00	0.000000e+00	-1.0000	1.0000	0
duplication	14:19400001-20400000	1000000	1.7904	1.221418e-07	4.978077e-11	1.221418e-07	4.978077e-11	0.5385	0.0000	400100
deletion	14:20400001-23200000	2800000	0.7382	0.000000e+00	5.123700e+00	0.000000e+00	5.123700e+00	0.0158	0.0000	1400100
deletion	14:23800001-67400000	43600000	0.6927	0.000000e+00	0.000000e+00	0.000000e+00	0.000000e+00	0.0168	0.0000	4800100
deletion	14:67650001-97000000	29350000	0.6798	0.000000e+00	0.000000e+00	0.000000e+00	0.000000e+00	0.0093	0.0000	10289700
deletion	14:97650001-107350000	9700000	0.6778	0.000000e+00	4.158436e-34	0.000000e+00	4.158436e-34	0.0139	0.0062	0
deletion	15:1-20000000	20000000	0.0000	0.000000e+00	0.000000e+00	0.000000e+00	0.000000e+00	-1.0000	1.0000	0
deletion	15:21400001-21850000	450000	0.0000	0.000000e+00	1.621811e-43	0.000000e+00	1.621811e-43	-1.0000	1.0000	0
deletion	16:35300001-46350000	11050000	0.0000	0.000000e+00	0.000000e+00	0.000000e+00	0.000000e+00	-1.0000	1.0000	0
duplication	16:78400001-85650000	7250000	1.3213	0.000000e+00	1.131854e-68	0.000000e+00	1.131854e-68	0.0046	0.0000	2739500
deletion	17:1-16650000	16650000	0.6621	0.000000e+00	2.892488e-233	0.000000e+00	2.892488e-233	0.0167	0.0060	0
deletion	17:16750001-21200000	4450000	0.6758	0.000000e+00	1.452150e-26	0.000000e+00	1.452150e-26	0.0959	0.0000	366800
deletion	17:22300001-25250000	2950000	0.0000	0.000000e+00	0.000000e+00	0.000000e+00	0.000000e+00	-1.0000	1.0000	0
duplication	18:1-10850000	10850000	1.3769	0.000000e+00	8.819356e-16	0.000000e+00	8.819356e-16	0.0267	0.0009	0
deletion	18:15450001-18500000	3050000	0.0000	0.000000e+00	0.000000e+00	0.000000e+00	0.000000e+00	-1.0000	1.0000	0
duplication	18:22000001-39600000	17600000	1.3675	0.000000e+00	2.021830e-44	0.000000e+00	2.021830e-44	0.0084	0.0000	3489300
deletion	18:39600001-44500000	4900000	0.6645	0.000000e+00	1.248670e-60	0.000000e+00	1.248670e-60	0.0085	0.0000	7559300
deletion	18:44600001-78100000	33500000	0.6503	0.000000e+00	0.000000e+00	0.000000e+00	0.000000e+00	0.0123	0.0099	0
deletion	19:20500001-20700000	200000	0.2719	4.523975e-01	1.844295e-03	4.523975e-01	1.844295e-03	0.2141	0.2500	0
deletion	19:24650001-27700000	3050000	0.0000	0.000000e+00	0.000000e+00	0.000000e+00	0.000000e+00	-1.0000	1.0000	0
deletion	20:1-25850000	25850000	0.6637	0.000000e+00	2.952608e-177	0.000000e+00	2.952608e-177	0.0154	0.0023	0
deletion	20:26350001-29400000	3050000	0.0000	0.000000e+00	0.000000e+00	0.000000e+00	0.000000e+00	-1.0000	1.0000	0
deletion	20:29700001-29800000	100000	0.0000	2.836086e-01	7.036541e-03	2.836086e-01	7.036541e-03	-1.0000	1.0000	0
deletion	21:1-9400000	9400000	0.0000	0.000000e+00	0.000000e+00	0.000000e+00	0.000000e+00	-1.0000	1.0000	0
deletion	21:11200001-14300000	3100000	0.0000	0.000000e+00	0.000000e+00	0.000000e+00	0.000000e+00	-1.0000	1.0000	0
duplication	21:25450001-42800000	17350000	1.3153	0.000000e+00	7.333599e-174	0.000000e+00	7.333599e-174	0.0050	0.0000	155700
deletion	21:42800001-43050000	250000	0.9710	5.069707e+03	1.065038e+09	5.069707e+03	1.065038e+09	0.0023	0.2000	0
duplication	21:43050001-44600000	1550000	1.3289	0.000000e+00	3.924189e-15	0.000000e+00	3.924189e-15	0.0037	0.0013	0
duplication	21:44700001-48150000	3450000	1.3404	0.000000e+00	1.055187e+09	0.000000e+00	1.055187e+09	0.0112	0.0087	0
deletion	22:1-16050000	16050000	0.0000	0.000000e+00	0.000000e+00	0.000000e+00	0.000000e+00	-1.0000	1.0000	0
duplication	22:16100001-16450000	350000	1.9689	3.984150e-02	1.381049e-11	3.984150e-02	1.381049e-11	0.6371	0.0000	50100
duplication	22:16850001-20500000	3650000	2.4751	0.000000e+00	2.029824e-25	0.000000e+00	2.029824e-25	0.1005	0.0000	2300
duplication	22:20700001-23650000	2950000	4.8024	0.000000e+00	0.000000e+00	0.000000e+00	0.000000e+00	0.0773	0.0000	90700
deletion	22:23650001-51350000	27700000	0.6864	0.000000e+00	1.712085e-103	0.000000e+00	1.712085e-103	0.0154	0.0056	0
deletion	X:1-150000	150000	0.2542	4.787387e+02	3.904373e-04	4.787387e+02	3.904373e-04	0.6264	0.7333	0
deletion	X:1050001-1200000	150000	0.1757	1.312593e+02	2.252959e-27	1.312593e+02	2.252959e-27	0.5783	0.6504	0
deletion	X:52100001-52500000	400000	0.4241	7.737741e-02	3.194749e-49	7.737741e-02	3.194749e-49	0.9873	0.1250	0
deletion	X:58600001-61650000	3050000	0.0000	0.000000e+00	0.000000e+00	0.000000e+00	0.000000e+00	-1.0000	1.0000	0
deletion	X:152250001-152350000	100000	0.2713	3.113647e+02	8.846952e-24	3.113647e+02	8.846952e-24	0.8981	0.5000	0
deletion	Y:1-9900000	9900000	0.0391	0.000000e+00	0.000000e+00	0.000000e+00	0.000000e+00	0.8207	0.2777	0
deletion	Y:10100001-13250000	3150000	0.0071	0.000000e+00	0.000000e+00	0.000000e+00	0.000000e+00	0.5290	0.9683	0
deletion	Y:13900001-58950000	45050000	0.0052	0.000000e+00	0.000000e+00	0.000000e+00	0.000000e+00	0.7993	0.6700	0
deletion	Y:59050001-59400000	350000	0.0000	0.000000e+00	0.000000e+00	0.000000e+00	0.000000e+00	0.0000	1.0000	0
