ProfileID,Chromosome,Start,End,SegmentMean,NumProbes,Status
PR-Tm9gPE,1,10001,1661000,1.0298170063190706,885,0
PR-Tm9gPE,1,1661001,1665000,22.81668033664217,4,+
PR-Tm9gPE,1,1665001,13247633,1.083006573751026,10674,0
PR-Tm9gPE,1,13268634,13367633,2.201414785323225,49,+
PR-Tm9gPE,1,13367634,16540624,1.0788535215025548,2912,0
PR-Tm9gPE,1,16540625,16567624,7.438738591053483,13,+
PR-Tm9gPE,1,16574625,16713624,1.8243708197126864,99,+
PR-Tm9gPE,1,16715625,16798624,0.4209080479414468,51,-
PR-Tm9gPE,1,16849625,16948624,2.750696561621754,92,+
PR-Tm9gPE,1,16948625,55363742,1.0654988234040934,36488,0
PR-Tm9gPE,1,55363743,80413639,1.1511198109556129,23592,+
PR-Tm9gPE,1,80413640,82379051,0.758340668843149,1792,-
PR-Tm9gPE,1,82379052,86474333,2.382910886165066,3915,+
PR-Tm9gPE,1,86474334,91831633,1.46797968171637,5140,+
PR-Tm9gPE,1,91831634,103789617,0.7656808072955191,11372,-
PR-Tm9gPE,1,103789618,104509142,1.541927571965653,678,+
PR-Tm9gPE,1,104509143,119241640,0.730011451264643,13646,-
PR-Tm9gPE,1,119241641,125143474,1.6242098020188882,1354,+
PR-Tm9gPE,1,125143475,125179474,4.466451202215168,34,+
PR-Tm9gPE,1,125179475,143273474,16.108865636863243,74,+
PR-Tm9gPE,1,143274475,143505474,1.414121421109412,22,+
PR-Tm9gPE,1,143526475,143540474,0.0032710510715277,9,-
PR-Tm9gPE,1,143540475,143541474,0.4814420299893105,1,-
PR-Tm9gPE,1,143541475,143557474,2.4951315044839462e-09,16,-
PR-Tm9gPE,1,143557475,143559474,0.017983055747525,2,-
PR-Tm9gPE,1,143559475,143577474,2.397804196807271e-09,16,-
PR-Tm9gPE,1,143577475,143578474,0.0134811464483897,1,-
PR-Tm9gPE,1,143578475,143583474,1.957115437937447e-09,5,-
PR-Tm9gPE,1,143583475,143584474,0.005164190728974,1,-
PR-Tm9gPE,1,143584475,143595474,2.163693060039702e-09,11,-
PR-Tm9gPE,1,143595475,143600474,0.0004838984706272,5,-
PR-Tm9gPE,1,143600475,143608474,1.9531569084844703e-09,8,-
PR-Tm9gPE,1,143608475,143609474,0.0071314393357547,1,-
PR-Tm9gPE,1,143609475,143619474,1.0635705677660817e-08,10,-
PR-Tm9gPE,1,143619475,143624474,1.0351390440273569e-06,5,-
PR-Tm9gPE,1,143624475,143661474,5.1617842944743955e-09,35,-
PR-Tm9gPE,1,143661475,143662474,0.0064497859601276,1,-
PR-Tm9gPE,1,143662475,143715474,2.830291903926226e-09,53,-
PR-Tm9gPE,1,143715475,143718474,3.952716991823181e-07,3,-
PR-Tm9gPE,1,143718475,143738474,2.2701204605222272e-09,17,-
PR-Tm9gPE,1,143742475,143745474,2.742393270628921e-05,2,-
PR-Tm9gPE,1,143745475,143746474,0.0093793261983765,1,-
PR-Tm9gPE,1,143746475,143757474,9.207132757508755e-10,11,-
PR-Tm9gPE,1,143757475,143764474,0.0014135689784989,7,-
PR-Tm9gPE,1,143764475,143765474,1.290923808504435e-09,1,-
PR-Tm9gPE,1,143765475,143766474,0.5689907089233002,1,-
PR-Tm9gPE,1,143767475,143771474,1.3517523401260411e-09,2,-
PR-Tm9gPE,1,143774475,143775474,0.0316448601019092,1,-
PR-Tm9gPE,1,143803475,143832474,2.788064338851116e-09,2,-
PR-Tm9gPE,1,143835475,143836474,0.0413385329341448,1,-
PR-Tm9gPE,1,143836475,143838474,3.1983389826753332e-09,2,-
PR-Tm9gPE,1,143838475,143841474,0.0370822090362271,2,-
PR-Tm9gPE,1,143841475,143842474,1.5751092021671635e-09,1,-
PR-Tm9gPE,1,143842475,143843474,0.0346165797931113,1,-
PR-Tm9gPE,1,143843475,143910474,1.0450382579527715e-08,25,-
PR-Tm9gPE,1,143912475,143936474,0.0632453840892623,5,-
PR-Tm9gPE,1,143937475,143987474,7.671829532921781e-07,3,-
PR-Tm9gPE,1,144100475,145239474,1.7996944646154944,157,+
PR-Tm9gPE,1,145247475,149238474,1.1242968476091135,2262,+
PR-Tm9gPE,1,149363475,149674474,2.1721820197409643,83,+
PR-Tm9gPE,1,149674475,162042167,1.0657883733617466,11174,0
PR-Tm9gPE,1,162042168,165958205,1.176491583738998,3831,+
PR-Tm9gPE,1,165958206,175101551,1.0904072049451656,8971,0
PR-Tm9gPE,1,175101552,182284951,1.1394163394542658,6682,+
PR-Tm9gPE,1,182284952,183145665,1.0238568359489426,855,0
PR-Tm9gPE,1,183145666,187123690,1.0230105335207027,3865,0
PR-Tm9gPE,1,187123691,201524284,1.1123686571339595,13124,0
PR-Tm9gPE,1,201524285,202234038,1.3339707196072563,700,+
PR-Tm9gPE,1,202234039,206052192,1.0539811023490075,3777,0
PR-Tm9gPE,1,206052193,206059192,0.1325570218304322,7,-
PR-Tm9gPE,1,206059193,212979844,1.0282413960917294,6566,0
PR-Tm9gPE,1,212979845,219089382,1.2029277547842123,5897,+
PR-Tm9gPE,1,219089383,226384849,1.1276512869221065,6923,+
PR-Tm9gPE,1,226384850,235361123,1.0647096085509782,8208,0
PR-Tm9gPE,1,235361124,248571463,1.1094118188039983,11325,0
PR-Tm9gPE,1,248574464,248659463,9.83260031479139,67,+
PR-Tm9gPE,1,248659464,248946463,1.0589173578303237,271,0
PR-Tm9gPE,10,366037,3334113,0.7608046663383177,1857,-
PR-Tm9gPE,10,3334114,3334801,9.01932801110887e-10,1,-
PR-Tm9gPE,10,3339849,20561432,0.7347579658518419,16130,-
PR-Tm9gPE,10,20564356,20572355,3.134544180331248e-07,7,-
PR-Tm9gPE,10,20572356,38488311,0.7380630649532255,17200,-
PR-Tm9gPE,10,38488312,38614311,5.68624791295804,83,+
PR-Tm9gPE,10,38614312,38784311,0.941049815026497,170,0
PR-Tm9gPE,10,38784312,38920311,4.366048026342363,59,+
PR-Tm9gPE,10,38920312,39257311,1.2025242603756852,337,+
PR-Tm9gPE,10,39257312,39365311,3.914212280107833,108,+
PR-Tm9gPE,10,39365312,39525311,1.4827105633825408,149,+
PR-Tm9gPE,10,39525312,41841271,3.326096439764327,180,+
PR-Tm9gPE,10,41841272,42103271,17.88346020277832,111,+
PR-Tm9gPE,10,42103272,46148265,1.4533739972740338,3658,+
PR-Tm9gPE,10,46150266,46659265,0.8402054214506102,269,-
PR-Tm9gPE,10,46716266,47582456,1.5287950370570962,588,+
PR-Tm9gPE,10,47586457,47649456,0.3259408317560843,20,-
PR-Tm9gPE,10,47649457,82459147,1.4286237395350296,30821,+
PR-Tm9gPE,10,82501461,82946396,0.6686531769827392,384,-
PR-Tm9gPE,10,82946397,98927395,1.4291625352163702,14903,+
PR-Tm9gPE,10,98928396,98941395,3.5451209618047526e-09,13,-
PR-Tm9gPE,10,98941396,133787129,1.417706607850079,32123,+
PR-Tm9gPE,11,179001,3077302,1.6431270081087868,2149,+
PR-Tm9gPE,11,3077303,11342683,1.9010678192107175,7160,+
PR-Tm9gPE,11,11342684,50443197,1.1429157030611914,36003,+
PR-Tm9gPE,11,50443198,50682197,3.763698337771158,238,+
PR-Tm9gPE,11,50682198,54864824,1.7416636045604286,443,+
PR-Tm9gPE,11,54864825,54929824,4.497492887662803,65,+
PR-Tm9gPE,11,54929825,54960824,1.3321827443134204,31,+
PR-Tm9gPE,11,54960825,55024824,6.294208632207691,64,+
PR-Tm9gPE,11,55024825,55597824,1.5439949136779711,572,+
PR-Tm9gPE,11,55597825,55663824,27.959371004707894,66,+
PR-Tm9gPE,11,55663825,55666824,0.6097429172745249,3,-
PR-Tm9gPE,11,55666825,55689824,12.481989516610062,22,+
PR-Tm9gPE,11,55690825,55768824,0.975964786241551,78,0
PR-Tm9gPE,11,55768825,64283683,1.1201655772648498,8113,0
PR-Tm9gPE,11,64283684,77989791,1.3988390732757143,11864,+
PR-Tm9gPE,11,77989792,111133258,1.547784910680563,29559,+
PR-Tm9gPE,11,111133259,121625013,1.4200236918181774,10436,+
PR-Tm9gPE,11,121625014,135075626,1.523440336592815,11676,+
PR-Tm9gPE,12,10001,23000,7.962077973672781,12,+
PR-Tm9gPE,12,39001,24441828,0.7482778628595935,20662,-
PR-Tm9gPE,12,24441829,26356261,2.2360927028898057,1598,+
PR-Tm9gPE,12,26356262,34420902,1.5489998452524951,7362,+
PR-Tm9gPE,12,34420903,34533902,2.6640903300195915,113,+
PR-Tm9gPE,12,34533903,34584902,7.505525053646552,51,+
PR-Tm9gPE,12,34584903,34679902,1.9126355548103708,95,+
PR-Tm9gPE,12,34679903,37407002,4.590301767937719,193,+
PR-Tm9gPE,12,37407003,37595002,1.384854109116621,187,+
PR-Tm9gPE,12,37595003,38016002,2.0979917430626225,415,+
PR-Tm9gPE,12,38016003,42626512,1.1451296916614206,4424,+
PR-Tm9gPE,12,42626513,42633512,8.7906021966828,7,+
PR-Tm9gPE,12,42633513,47130113,1.1713514465975603,3819,+
PR-Tm9gPE,12,47130114,55246587,1.078301035655684,7628,0
PR-Tm9gPE,12,55246588,101716290,1.1390688878224875,44672,+
PR-Tm9gPE,12,101716291,133257353,1.1204987193873834,26839,+
PR-Tm9gPE,12,133257354,133264353,17.624616980714034,7,+
PR-Tm9gPE,13,16022288,18180998,0.188955576305719,12,-
PR-Tm9gPE,13,18180999,18187998,5.1133109408673495e-08,7,-
PR-Tm9gPE,13,18187999,18189998,0.1938539450158525,2,-
PR-Tm9gPE,13,18189999,18191998,4.29287109901334e-09,2,-
PR-Tm9gPE,13,18191999,18197998,0.0493222696631815,4,-
PR-Tm9gPE,13,18197999,18198998,7.247813607542457e-09,1,-
PR-Tm9gPE,13,18198999,18206998,0.0951156139438308,8,-
PR-Tm9gPE,13,18206999,18210998,2.312931699756941e-07,4,-
PR-Tm9gPE,13,18210999,18215998,1.5327570070601348,5,+
PR-Tm9gPE,13,18215999,18220998,3.1102075428086603e-09,5,-
PR-Tm9gPE,13,18220999,18222998,3.063150972751517e-05,2,-
PR-Tm9gPE,13,18222999,18251998,2.7296571533061443e-08,29,-
PR-Tm9gPE,13,18251999,18298998,4.6947679596211334e-09,46,-
PR-Tm9gPE,13,18298999,18299998,0.0180947125541147,1,-
PR-Tm9gPE,13,18299999,18312998,1.2898825962963972e-08,13,-
PR-Tm9gPE,13,18312999,18314998,8.810809471639087e-06,2,-
PR-Tm9gPE,13,18314999,18316998,3.705630040439217e-09,2,-
PR-Tm9gPE,13,18316999,18321998,0.0041944111458568,5,-
PR-Tm9gPE,13,18321999,18328998,2.5590154435128533e-09,7,-
PR-Tm9gPE,13,18328999,18337998,0.1390125461554708,8,-
PR-Tm9gPE,13,18337999,18356998,3.506118504581723e-08,4,-
PR-Tm9gPE,13,18407999,18452998,3.314664838575829,20,+
PR-Tm9gPE,13,18864442,80113882,0.7411538726725713,53664,-
PR-Tm9gPE,13,80113883,112280907,0.7746867663284378,29939,-
PR-Tm9gPE,13,112284908,112311907,0.135479361706297,11,-
PR-Tm9gPE,13,112311908,114353672,0.71987583727082,1369,-
PR-Tm9gPE,14,16091288,16140287,2.017736804207489,37,+
PR-Tm9gPE,14,16399814,59874800,0.7852935757451662,34823,-
PR-Tm9gPE,14,59874801,59875800,1.5069867780259195e-08,1,-
PR-Tm9gPE,14,59875801,71781703,0.7394246273591397,11279,-
PR-Tm9gPE,14,71781704,72332366,0.384228649294826,545,-
PR-Tm9gPE,14,72332367,102259282,0.7386255125329921,28722,-
PR-Tm9gPE,14,102259283,102267282,1.1452938170956033e-08,8,-
PR-Tm9gPE,14,102267283,106883979,0.7369399651507598,3042,-
PR-Tm9gPE,15,17000001,19832004,4.1335719530760295,122,+
PR-Tm9gPE,15,19832005,20003004,1.346543652358969,165,+
PR-Tm9gPE,15,20010005,22302004,0.1764870215461114,471,-
PR-Tm9gPE,15,22376005,23164004,1.5239219342778991,517,+
PR-Tm9gPE,15,23174005,23359004,9.301226701281788,39,+
PR-Tm9gPE,15,23360005,92131305,1.1733553508846508,60569,+
PR-Tm9gPE,15,92131306,101968587,1.2397291826225425,7512,+
PR-Tm9gPE,16,10001,3317025,1.0150789918239216,2273,0
PR-Tm9gPE,16,3317026,12378538,1.1493426752074842,7018,+
PR-Tm9gPE,16,12378539,20790410,1.527877629574989,3934,+
PR-Tm9gPE,16,20790411,32265219,1.122708970763641,7900,+
PR-Tm9gPE,16,32283220,32519219,3.530378826824672,74,+
PR-Tm9gPE,16,32586220,33517219,1.6646766815641516,112,+
PR-Tm9gPE,16,33519220,34060219,0.8316122990119246,224,-
PR-Tm9gPE,16,34060220,34099219,4.422288051383879,35,+
PR-Tm9gPE,16,34099220,34277219,1.4786432319719558,172,+
PR-Tm9gPE,16,34277220,34596219,49.46214840777754,23,+
PR-Tm9gPE,16,34596220,34640219,4.031699185488296,44,+
PR-Tm9gPE,16,34640220,34707219,1.5601892092011445,67,+
PR-Tm9gPE,16,34707220,34776219,5.742476310301272,68,+
PR-Tm9gPE,16,34776220,34827219,0.7799215932686127,51,-
PR-Tm9gPE,16,34896220,34923219,2.842473698744409,25,+
PR-Tm9gPE,16,34923220,35230219,0.7971466144072502,195,-
PR-Tm9gPE,16,35230220,35523219,0.2253532247609631,293,-
PR-Tm9gPE,16,35523220,35948219,0.6909269063204108,419,-
PR-Tm9gPE,16,35948220,35988219,2.050025705560413,39,+
PR-Tm9gPE,16,35988220,36035219,6.731350595857188,40,+
PR-Tm9gPE,16,36035220,38280419,2.0256234337153134,230,+
PR-Tm9gPE,16,46380420,46402419,40.784074253376886,22,+
PR-Tm9gPE,16,46402420,46423419,2.9447680458409167,21,+
PR-Tm9gPE,16,46423420,62104283,0.7738506156042033,15167,-
PR-Tm9gPE,16,62104284,62516283,1.067655345890012,412,0
PR-Tm9gPE,16,62516284,78412050,0.7867619000115841,14365,-
PR-Tm9gPE,16,78412051,78422050,1.0146244658363955e-09,10,-
PR-Tm9gPE,16,78422051,78428050,1.6082165304482927e-07,6,-
PR-Tm9gPE,16,78428051,78491050,1.464484429013918e-09,63,-
PR-Tm9gPE,16,78491051,79153157,0.7442442110943872,440,-
PR-Tm9gPE,16,79153158,79161157,1.8947290689394792e-06,8,-
PR-Tm9gPE,16,79161158,82699697,0.7648761137984316,3069,-
PR-Tm9gPE,16,82699698,82751469,1.6407222129278851,51,+
PR-Tm9gPE,16,82755235,90224877,0.7723164470092978,4371,-
PR-Tm9gPE,17,130001,21845311,0.7154426351085574,17571,-
PR-Tm9gPE,17,21845312,21912311,4.944278468222562,66,+
PR-Tm9gPE,17,21912312,21916311,0.0186266365807638,4,-
PR-Tm9gPE,17,21916312,21941311,1.2654863972841304,25,+
PR-Tm9gPE,17,21941312,21944311,4.287496725117205e-06,3,-
PR-Tm9gPE,17,21944312,21968311,1.8841528410165669,24,+
PR-Tm9gPE,17,21968312,22043311,36.17966137632216,23,+
PR-Tm9gPE,17,22043312,22745311,0.6992993164025101,667,-
PR-Tm9gPE,17,26618915,26776914,2.106781943767457,150,+
PR-Tm9gPE,17,26776915,26940914,10.087096084442678,107,+
PR-Tm9gPE,17,26940915,36077691,1.3649186800987247,7673,+
PR-Tm9gPE,17,36077692,36160691,0.4660494678565477,82,-
PR-Tm9gPE,17,36162692,36444691,3.8269074201184807,58,+
PR-Tm9gPE,17,36445692,36460691,3.933944404761392e-06,8,-
PR-Tm9gPE,17,36460692,39661812,0.7016517197859874,2699,-
PR-Tm9gPE,17,39661813,41837097,1.3558278400939043,1930,+
PR-Tm9gPE,17,41837098,47343510,0.7230077415909177,3848,-
PR-Tm9gPE,17,47343511,48536848,1.3326214309158986,1179,+
PR-Tm9gPE,17,48536849,49276281,2.0421898626619277,679,+
PR-Tm9gPE,17,49276282,58186483,1.4143596283791124,8142,+
PR-Tm9gPE,17,58186484,61006227,0.7085723133416256,2628,-
PR-Tm9gPE,17,61006228,63553989,1.3962468249116888,2489,+
PR-Tm9gPE,17,63553990,69330094,0.7287571307542537,5523,-
PR-Tm9gPE,17,69330095,83207672,1.4047466891348268,11667,+
PR-Tm9gPE,18,325424,15384685,0.9999008848654096,12504,0
PR-Tm9gPE,18,15384686,20934956,3.257305420392269,85,+
PR-Tm9gPE,18,20935957,21610956,0.7803920575027576,673,-
PR-Tm9gPE,18,21610957,24325764,1.1130118863920542,2696,0
PR-Tm9gPE,18,24325765,25099445,1.29282679081815,752,+
PR-Tm9gPE,18,25099446,27287165,1.0660100208679204,2181,0
PR-Tm9gPE,18,27287166,32311401,0.7687700301108411,4809,-
PR-Tm9gPE,18,32311402,33418401,0.8976164371939926,1103,-
PR-Tm9gPE,18,33418402,34568401,1.230542085554121,1149,+
PR-Tm9gPE,18,34568402,71388045,0.7771106831016511,33832,-
PR-Tm9gPE,18,73697378,80262924,2.1903129263761905,4987,+
PR-Tm9gPE,19,89001,7382822,0.7779395717432763,6090,-
PR-Tm9gPE,19,7382823,7389822,0.0015741481053261,7,-
PR-Tm9gPE,19,7389823,20413033,0.7987528063680454,12408,-
PR-Tm9gPE,19,20413034,20535033,3.157351759991573,122,+
PR-Tm9gPE,19,20535034,23625352,0.7827063204627752,2599,-
PR-Tm9gPE,19,23625353,24330553,0.8895268139826854,703,-
PR-Tm9gPE,19,24330554,24404553,1.970922434026185,74,+
PR-Tm9gPE,19,24404554,27485624,3.9317347631188873,266,+
PR-Tm9gPE,19,27485625,27566624,10.553093040507813,81,+
PR-Tm9gPE,19,27566625,38500315,1.405479099549137,10562,+
PR-Tm9gPE,19,38500316,38886315,4.87423564546613,380,+
PR-Tm9gPE,19,38886316,39274275,4.766224806113752,296,+
PR-Tm9gPE,19,39274276,40343489,14.701964112273568,1031,+
PR-Tm9gPE,19,40343490,50574617,0.7165036703772945,8644,-
PR-Tm9gPE,19,50574618,50578617,1.4095930919350253e-08,4,-
PR-Tm9gPE,19,50578618,52991311,0.6637215398079115,1515,-
PR-Tm9gPE,19,52991312,54224721,1.3941791912255792,654,+
PR-Tm9gPE,19,54224722,54239721,0.1719238976031468,15,-
PR-Tm9gPE,19,54239722,58605237,1.377139779256623,3492,+
PR-Tm9gPE,2,11001,15583126,1.0948521045380983,12912,0
PR-Tm9gPE,2,15583127,23008000,1.1709650369252311,7096,+
PR-Tm9gPE,2,23008001,23709000,1.261493698777345,695,+
PR-Tm9gPE,2,23709001,41153556,1.0984787795507065,14584,0
PR-Tm9gPE,2,41355083,42080399,1.228452436340187,699,+
PR-Tm9gPE,2,42080400,45154660,1.0788355743491953,2839,0
PR-Tm9gPE,2,45154661,65841557,1.1245361191455858,18142,+
PR-Tm9gPE,2,65841558,65969557,1.3616227057410748,128,+
PR-Tm9gPE,2,65969558,70770015,1.105021929019342,4440,0
PR-Tm9gPE,2,70770016,72461580,1.0644978234842597,1641,0
PR-Tm9gPE,2,72461581,89777554,1.1304796327071305,14281,+
PR-Tm9gPE,2,89777555,90377554,2.4145812322228632,393,+
PR-Tm9gPE,2,90377555,91421554,11.109307624355337,36,+
PR-Tm9gPE,2,91421555,94512307,1.47009256721635,584,+
PR-Tm9gPE,2,94512308,94569307,5.449364523050269,57,+
PR-Tm9gPE,2,94569308,95883893,1.2128456828803258,896,+
PR-Tm9gPE,2,95883894,95927893,3.4618254887039,34,+
PR-Tm9gPE,2,95927894,128880925,1.119275354958278,27223,0
PR-Tm9gPE,2,128882506,128888505,12.625652116024982,6,+
PR-Tm9gPE,2,128888506,177362611,1.1056923322800851,44583,0
PR-Tm9gPE,2,177362612,190119297,1.173191074179022,11193,+
PR-Tm9gPE,2,190119298,237696858,1.1075877480077374,44523,0
PR-Tm9gPE,2,237696859,242159055,1.0009785090997272,3510,0
PR-Tm9gPE,20,60001,26288064,1.1520505331106377,22370,+
PR-Tm9gPE,20,26288065,29420418,3.3832997472837416,714,+
PR-Tm9gPE,20,29420419,29586418,5.545459469671284,161,+
PR-Tm9gPE,20,29586419,29893418,2.401092527943018,307,+
PR-Tm9gPE,20,29893419,30264098,7.2232695085203,142,+
PR-Tm9gPE,20,30264099,30998098,2.4746217092850773,652,+
PR-Tm9gPE,20,30998099,31244098,20.689014207131635,86,+
PR-Tm9gPE,20,31244099,32454815,2.263378713959815,1209,+
PR-Tm9gPE,20,32454816,56715238,1.140287013055101,23121,+
PR-Tm9gPE,20,56715239,64334550,1.035575687361216,6433,0
PR-Tm9gPE,21,5103001,5290000,0.7494982423383728,41,-
PR-Tm9gPE,21,5290001,5294000,6.089813304138968,4,+
PR-Tm9gPE,21,5294001,5296000,7.034771066644465e-05,2,-
PR-Tm9gPE,21,5296001,5375000,13.990474610855635,14,+
PR-Tm9gPE,21,6367001,6566000,0.560789794539082,5,-
PR-Tm9gPE,21,7230001,7236000,2.7294901190548272e-05,5,-
PR-Tm9gPE,21,7236001,7238000,0.3527297093970947,2,-
PR-Tm9gPE,21,7238001,7241000,7.474341955276096e-06,3,-
PR-Tm9gPE,21,7241001,7257000,0.1719442766354646,14,-
PR-Tm9gPE,21,7257001,7262000,1.8046399140854623,5,+
PR-Tm9gPE,21,7262001,7276000,0.0007179942943745,9,-
PR-Tm9gPE,21,7277001,7284000,5.10910274493095e-10,6,-
PR-Tm9gPE,21,7284001,7287000,0.0020440355453554,3,-
PR-Tm9gPE,21,7287001,7288000,2.6657157451538236e-10,1,-
PR-Tm9gPE,21,7289001,7292000,0.1042805498388305,3,-
PR-Tm9gPE,21,7292001,7294000,1.163389807091571e-06,2,-
PR-Tm9gPE,21,7297001,7303000,1.72589387858123e-08,5,-
PR-Tm9gPE,21,7303001,7304000,0.0083634389542651,1,-
PR-Tm9gPE,21,7305001,7314000,2.8997468328308166e-10,7,-
PR-Tm9gPE,21,7314001,7328000,0.0006301884790268,12,-
PR-Tm9gPE,21,7775001,7970000,4.338219347840781,56,+
PR-Tm9gPE,21,7970001,8006000,0.1576431076373001,10,-
PR-Tm9gPE,21,8020001,8038000,1.5911733298195263,5,+
PR-Tm9gPE,21,8038001,8046000,8.658802819519662e-06,6,-
PR-Tm9gPE,21,8047001,9017000,1.1113205433597373,111,0
PR-Tm9gPE,21,9017001,9293000,4.419649618488486,35,+
PR-Tm9gPE,21,9297001,9820000,0.7240107382097788,137,-
PR-Tm9gPE,21,9820001,9823000,17.45543009911417,3,+
PR-Tm9gPE,21,9823001,10006000,1.0127990804399392,172,0
PR-Tm9gPE,21,10006001,10403000,0.4745042782107747,148,-
PR-Tm9gPE,21,10403001,10415000,0.0676490272716247,12,-
PR-Tm9gPE,21,10415001,10481000,0.5258619441479249,66,-
PR-Tm9gPE,21,10481001,10492000,0.051723868837888,10,-
PR-Tm9gPE,21,10510001,10554000,3.042977895455202e-09,44,-
PR-Tm9gPE,21,10554001,10559000,1.2506199828478368e-05,5,-
PR-Tm9gPE,21,10559001,10596000,2.573138038599512e-09,37,-
PR-Tm9gPE,21,10596001,10597000,0.0438688591968333,1,-
PR-Tm9gPE,21,10597001,10612000,1.814005530067891e-09,15,-
PR-Tm9gPE,21,10612001,10618000,5.0678874136227065e-05,6,-
PR-Tm9gPE,21,10618001,10620000,1.766399726667497e-09,2,-
PR-Tm9gPE,21,10620001,10621000,0.0055965869869871,1,-
PR-Tm9gPE,21,10621001,10623000,1.7432867001861835e-09,2,-
PR-Tm9gPE,21,10623001,10625000,0.0100950929185874,2,-
PR-Tm9gPE,21,10625001,10627000,1.923850714078852e-09,2,-
PR-Tm9gPE,21,10627001,10628000,0.0101435537987355,1,-
PR-Tm9gPE,21,10628001,10631000,2.456344402047135e-09,3,-
PR-Tm9gPE,21,10631001,10634000,0.0023382987804303,3,-
PR-Tm9gPE,21,10634001,10649000,2.2942583430687672e-09,15,-
PR-Tm9gPE,21,10649001,10652000,2.7611182287118365e-07,3,-
PR-Tm9gPE,21,10652001,10710000,0.134383228402749,58,-
PR-Tm9gPE,21,10710001,10711000,5.965631456768316e-09,1,-
PR-Tm9gPE,21,10711001,10723000,0.7378241927994377,12,-
PR-Tm9gPE,21,10723001,10740000,0.1605726402393172,17,-
PR-Tm9gPE,21,10740001,10743000,4.550269056131907e-09,3,-
PR-Tm9gPE,21,10743001,10750000,0.023940299315016,7,-
PR-Tm9gPE,21,10750001,10761000,0.3657457486508425,11,-
PR-Tm9gPE,21,10761001,10768000,2.0102967414329368e-05,7,-
PR-Tm9gPE,21,10768001,10776000,0.0116838131353688,8,-
PR-Tm9gPE,21,10776001,10794000,0.1146803406312673,18,-
PR-Tm9gPE,21,10794001,10815000,1.070525380354888,21,0
PR-Tm9gPE,21,12965559,12997558,3.2351957340324726,32,+
PR-Tm9gPE,21,12997559,13037558,0.6092283570653749,40,-
PR-Tm9gPE,21,13037559,13176558,0.1783447929702843,109,-
PR-Tm9gPE,21,13188559,13870558,0.7901935634763425,451,-
PR-Tm9gPE,21,13870559,13900558,0.1001014654510015,30,-
PR-Tm9gPE,21,13900559,14058558,0.8193995468034889,157,-
PR-Tm9gPE,21,14058559,14061558,0.002434288711418,3,-
PR-Tm9gPE,21,14061559,41829178,0.7463307325332215,25022,-
PR-Tm9gPE,21,41829179,46692795,0.6940507193397022,3278,-
PR-Tm9gPE,22,10662001,10695000,33.10396224940168,14,+
PR-Tm9gPE,22,10695001,10697000,0.0001932821462048,2,-
PR-Tm9gPE,22,10698001,10706000,17.576635101393755,6,+
PR-Tm9gPE,22,10707001,11935000,1.0539737967340324,379,0
PR-Tm9gPE,22,11935001,11944000,0.0009124948266142,6,-
PR-Tm9gPE,22,11944001,11945000,0.4946438346028098,1,-
PR-Tm9gPE,22,11945001,11947000,4.573867187397658e-05,2,-
PR-Tm9gPE,22,11947001,11951000,0.2934687924444127,3,-
PR-Tm9gPE,22,11951001,11954000,1.3842300784948111e-08,3,-
PR-Tm9gPE,22,11954001,12225000,0.5225883977058102,75,-
PR-Tm9gPE,22,12278001,12529000,2.102673721636548,135,+
PR-Tm9gPE,22,12530001,15666068,1.1164603374915911,162,0
PR-Tm9gPE,22,15669069,15693068,7.491377380313479,8,+
PR-Tm9gPE,22,15699069,15941068,0.8811905936177579,64,-
PR-Tm9gPE,22,15942069,16079068,2.456271439582514,63,+
PR-Tm9gPE,22,16079069,18191136,0.7794325032769303,1863,-
PR-Tm9gPE,22,18387137,18948136,4.5299810024491,8,+
PR-Tm9gPE,22,18948137,23931733,0.6960167833848091,2903,-
PR-Tm9gPE,22,23931734,23947733,5.8047663590230005,11,+
PR-Tm9gPE,22,23949734,50808777,0.7213213344473399,22965,-
PR-Tm9gPE,3,12001,21685342,0.7685462569579193,16466,-
PR-Tm9gPE,3,21685343,36572843,0.8063823685790465,12962,-
PR-Tm9gPE,3,36572844,70890796,0.7422926557562766,31641,-
PR-Tm9gPE,3,70890797,72885729,0.6636033157628738,1937,-
PR-Tm9gPE,3,72885730,90256362,0.7833169055102084,15790,-
PR-Tm9gPE,3,90256363,90503362,1.534248316036469,244,+
PR-Tm9gPE,3,90503363,90670362,3.4755107324420518,160,+
PR-Tm9gPE,3,90670363,90720362,24.42200935754457,49,+
PR-Tm9gPE,3,91248373,91523372,1.0507234481843577,241,0
PR-Tm9gPE,3,91523373,93800883,2.6706520046845483,106,+
PR-Tm9gPE,3,94006835,119837841,1.4022873404817735,24549,+
PR-Tm9gPE,3,119837842,120139066,0.6171405513207314,287,-
PR-Tm9gPE,3,120139067,198181997,1.40758007765882,67286,+
PR-Tm9gPE,4,1058364,8975368,0.7526202436394254,7084,-
PR-Tm9gPE,4,8975369,9486368,1.409524935073165,275,+
PR-Tm9gPE,4,9486369,49091023,0.766282359990348,37246,-
PR-Tm9gPE,4,49091024,49155023,30.944154542576698,61,+
PR-Tm9gPE,4,49155024,49273023,1.4387440878656994,107,+
PR-Tm9gPE,4,49286024,49290023,0.0018406716392555,4,-
PR-Tm9gPE,4,49296024,49324023,0.6657913351701741,17,-
PR-Tm9gPE,4,49487024,49631023,3.771443988665832,125,+
PR-Tm9gPE,4,49631024,49658023,17.78146147022871,27,+
PR-Tm9gPE,4,49709024,62800805,0.7665352274170418,10508,-
PR-Tm9gPE,4,62800806,62809694,7.340963731539204e-05,8,-
PR-Tm9gPE,4,62809695,86722309,0.7710006598694513,21694,-
PR-Tm9gPE,4,86722310,86731309,4.475754794434963,9,+
PR-Tm9gPE,4,86731310,90384115,0.7118903746201118,3508,-
PR-Tm9gPE,4,90384116,90478608,2.189511236974982e-09,77,-
PR-Tm9gPE,4,90478609,90483608,3.137211424119753e-08,5,-
PR-Tm9gPE,4,90483609,149070752,0.7667334360446715,54535,-
PR-Tm9gPE,4,149070753,190117518,0.7579108158090478,32921,-
PR-Tm9gPE,4,190117519,190182518,7.721408282821147,11,+
PR-Tm9gPE,5,11001,45004373,1.265289926831472,38454,+
PR-Tm9gPE,5,45004374,45014373,9.592487633984494,10,+
PR-Tm9gPE,5,45014374,45911551,1.312099384030544,853,+
PR-Tm9gPE,5,45911552,46087551,3.409265605894554,176,+
PR-Tm9gPE,5,46087552,46218551,1.8157102543426635,129,+
PR-Tm9gPE,5,46218552,46360551,7.894998543874577,137,+
PR-Tm9gPE,5,46360552,50143557,3.720016447476343,101,+
PR-Tm9gPE,5,50143558,50938557,1.2781525189665914,794,+
PR-Tm9gPE,5,50938558,50943557,53.55747349983145,5,+
PR-Tm9gPE,5,50943558,114989209,1.2058922466776243,56728,+
PR-Tm9gPE,5,114989210,114999209,54.63395652745771,10,+
PR-Tm9gPE,5,114999210,181474069,1.198727719148269,61568,+
PR-Tm9gPE,6,148001,8394045,1.0809126937078148,6782,0
PR-Tm9gPE,6,8394046,10547521,1.2273255696914396,1974,+
PR-Tm9gPE,6,10547522,18483806,1.0470918501505733,7362,0
PR-Tm9gPE,6,18483807,18952950,1.165018609462835,463,+
PR-Tm9gPE,6,18952951,26904906,1.0665088963066087,7232,0
PR-Tm9gPE,6,26904907,34181046,1.0291205587227714,4720,0
PR-Tm9gPE,6,34181047,40629304,1.041950687019228,6156,0
PR-Tm9gPE,6,40629305,53749645,1.1104589021242743,12522,0
PR-Tm9gPE,6,53749646,54705579,1.9724038855485668,942,+
PR-Tm9gPE,6,54705580,57796451,1.6832354568485712,2996,+
PR-Tm9gPE,6,57799452,57819451,7.50324153277282,20,+
PR-Tm9gPE,6,57822452,61373684,1.6919899508993652,1719,+
PR-Tm9gPE,6,61373685,61530684,4.3348197358565175,96,+
PR-Tm9gPE,6,61586978,73701954,1.507042392561364,10949,+
PR-Tm9gPE,6,73701955,73900639,1.163770837744346,181,+
PR-Tm9gPE,6,73900640,73910639,8.835685084190489,6,+
PR-Tm9gPE,6,73910640,81037428,1.210652651004818,6225,+
PR-Tm9gPE,6,81037429,81047428,0.2018076822585904,10,-
PR-Tm9gPE,6,81047429,84354583,1.193740291511003,3163,+
PR-Tm9gPE,6,84354584,85289012,1.313126586552743,901,+
PR-Tm9gPE,6,85289013,105336486,1.162910444956848,17889,+
PR-Tm9gPE,6,105336487,108320386,1.4376913651430625,2974,+
PR-Tm9gPE,6,108320387,117188270,1.81938517157898,8619,+
PR-Tm9gPE,6,117241140,127446350,1.551220742488937,9254,+
PR-Tm9gPE,6,127446351,143725210,1.1190496133617829,15408,0
PR-Tm9gPE,6,143725211,149309049,1.1397480966965423,5477,+
PR-Tm9gPE,6,149309050,153420925,1.0971995989781955,4052,0
PR-Tm9gPE,6,153420926,153430925,6.114531658474266,10,+
PR-Tm9gPE,6,153430926,161993840,1.1270847487608393,8243,+
PR-Tm9gPE,6,162044423,162068067,0.3832553935035124,24,-
PR-Tm9gPE,6,162170473,166380419,1.13786310570559,3256,+
PR-Tm9gPE,6,166380420,170597897,1.4074054453236116,2997,+
PR-Tm9gPE,7,34001,57906429,1.5056787594149708,48852,+
PR-Tm9gPE,7,57906430,57915429,48.17150189577889,9,+
PR-Tm9gPE,7,57915430,60941984,4.442556116851342,232,+
PR-Tm9gPE,7,60941985,61012984,1.8147162685036269,71,+
PR-Tm9gPE,7,61012985,61291984,4.944878249317804,104,+
PR-Tm9gPE,7,61724771,62437770,2.1076977571084483,434,+
PR-Tm9gPE,7,62437771,62580770,6.418877373732072,82,+
PR-Tm9gPE,7,62580771,62685770,2.680094739762303,105,+
PR-Tm9gPE,7,62685771,62701770,13.707979173731603,16,+
PR-Tm9gPE,7,62701771,62990770,2.827366684276061,286,+
PR-Tm9gPE,7,62990771,63504770,1.2880744653135374,343,+
PR-Tm9gPE,7,63513771,63581770,5.190300255612518,34,+
PR-Tm9gPE,7,63581771,66348910,1.355629559274316,1500,+
PR-Tm9gPE,7,66348911,67152822,1.609284056245745,766,+
PR-Tm9gPE,7,67270305,125524573,1.1881911927696862,50037,+
PR-Tm9gPE,7,125524574,142746091,1.1120325365798611,15508,0
PR-Tm9gPE,7,142746092,142778091,3.061097505643932,32,+
PR-Tm9gPE,7,142778092,159336064,1.121073603002835,12933,+
PR-Tm9gPE,8,663371,12038312,0.3789730073286476,6451,-
PR-Tm9gPE,8,12121313,12151312,2.5467561936630562e-09,29,-
PR-Tm9gPE,8,12171313,12175312,0.0689559092237799,2,-
PR-Tm9gPE,8,12175313,12177312,5.191327392052388e-05,2,-
PR-Tm9gPE,8,12178313,12323312,0.0995983049709205,11,-
PR-Tm9gPE,8,12323313,12394312,1.551913341499908,21,+
PR-Tm9gPE,8,12421313,12422312,9.894658077602557e-09,1,-
PR-Tm9gPE,8,12437313,30082513,0.3717209744392815,16123,-
PR-Tm9gPE,8,30082514,43746058,0.398841655634077,12813,-
PR-Tm9gPE,8,43746059,43804058,2.3872886251888685,58,+
PR-Tm9gPE,8,43804059,50116510,1.1874641840905025,3913,+
PR-Tm9gPE,8,50116511,50126613,12.769888295328444,9,+
PR-Tm9gPE,8,50126614,53493570,1.1044254206115485,2996,0
PR-Tm9gPE,8,53493571,66471625,1.182219563683585,12502,+
PR-Tm9gPE,8,66471626,114069405,1.138266995150822,45171,+
PR-Tm9gPE,8,114069406,126294436,1.095614298944403,11730,0
PR-Tm9gPE,8,126294437,145075578,1.1220648039155767,17399,+
PR-Tm9gPE,9,10001,21504292,0.3927279005296861,15573,-
PR-Tm9gPE,9,21504293,21823513,1.1196198731846791,248,0
PR-Tm9gPE,9,21823514,21838513,1.1933372765709867e-09,15,-
PR-Tm9gPE,9,21838514,21842513,8.9722558416308e-08,4,-
PR-Tm9gPE,9,21842514,21915513,1.0415657066818267e-09,73,-
PR-Tm9gPE,9,21915514,21916513,0.0040164064805095,1,-
PR-Tm9gPE,9,21916514,21917513,7.84759152001874e-10,1,-
PR-Tm9gPE,9,21917514,21918513,0.0050984520156425,1,-
PR-Tm9gPE,9,21918514,21959513,1.01193025150301e-09,41,-
PR-Tm9gPE,9,21959514,21960513,0.0057085933050247,1,-
PR-Tm9gPE,9,21960514,21980513,1.0872938205052243e-09,20,-
PR-Tm9gPE,9,21980514,21981513,0.0102373278353589,1,-
PR-Tm9gPE,9,21981514,21988513,8.211068374010138e-10,7,-
PR-Tm9gPE,9,21988514,21990513,0.0022139924228533,2,-
PR-Tm9gPE,9,21990514,22016513,1.7495450987262861e-09,26,-
PR-Tm9gPE,9,22016514,22166513,1.069868033868465e-09,150,-
PR-Tm9gPE,9,22166514,22167513,0.0085952123610302,1,-
PR-Tm9gPE,9,22167514,22344713,1.2299450431534794e-09,176,-
PR-Tm9gPE,9,22344714,22411354,0.9373638093258878,55,0
PR-Tm9gPE,9,22411355,27573586,0.3980633630756792,4612,-
PR-Tm9gPE,9,27573587,28550431,1.1273543072775676,719,+
PR-Tm9gPE,9,28550432,35977338,1.4746483855815675,6344,+
PR-Tm9gPE,9,35977339,37773785,2.180589189342229,1783,+
PR-Tm9gPE,9,37773786,38803234,0.7680158552584585,998,-
PR-Tm9gPE,9,38803235,39063234,2.030315595973317,91,+
PR-Tm9gPE,9,39063235,41418234,1.027067499808686,599,0
PR-Tm9gPE,9,41418235,41756234,1.685704900278142,124,+
PR-Tm9gPE,9,41775235,41806234,0.1811143797367568,29,-
PR-Tm9gPE,9,41806235,42292234,0.6171080417153088,207,-
PR-Tm9gPE,9,42292235,42348234,0.2427200175289601,54,-
PR-Tm9gPE,9,42349235,42419234,1.4418269292329309,61,+
PR-Tm9gPE,9,42419235,42578234,0.2845939701258692,85,-
PR-Tm9gPE,9,42728235,43162234,0.925346118167115,383,0
PR-Tm9gPE,9,43162235,43218234,3.249419482892995,54,+
PR-Tm9gPE,9,43218235,61370308,1.0724742431784904,81,0
PR-Tm9gPE,9,61533309,61632308,30.04437488927262,6,+
PR-Tm9gPE,9,61664309,64366308,0.9038210105989168,682,0
PR-Tm9gPE,9,64402309,64846308,0.4055152288476079,51,-
PR-Tm9gPE,9,64935309,65397308,2.585313078745458,65,+
PR-Tm9gPE,9,65397309,65517308,0.7279917468606867,119,-
PR-Tm9gPE,9,65522309,65538308,1.0751192312028993e-07,13,-
PR-Tm9gPE,9,65538309,66798308,0.9828560236286696,134,0
PR-Tm9gPE,9,66798309,66817308,3.812160867208539,18,+
PR-Tm9gPE,9,66817309,130268883,0.7451108623322336,58908,-
PR-Tm9gPE,9,130268884,130271883,1.6814638460148338e-08,3,-
PR-Tm9gPE,9,130271884,138219694,0.685276443469219,7130,-
PR-Tm9gPE,X,98001,43120102,0.4351253576858904,18957,U
PR-Tm9gPE,X,43120103,58305217,0.7591227010007566,6902,U
PR-Tm9gPE,X,58307218,62711217,1.8532005298937533,259,U
PR-Tm9gPE,X,62711218,97443987,0.7902017793256627,10562,U
PR-Tm9gPE,X,97447988,156031439,1.146073047194921,25857,U
